,Age,Gender,Stream,Internships,CGPA,Hostel,HistoryOfBacklogs,PlacedOrNot
0,22,1,1,1,8,1,1,1
1,21,0,2,0,7,1,1,1
2,22,0,3,1,6,0,0,1
3,21,1,3,0,8,0,1,1
4,22,1,4,0,8,1,0,1
5,22,1,1,0,6,0,0,0
6,21,1,2,0,7,0,1,0
7,21,1,3,1,7,0,0,0
8,21,1,2,2,6,0,0,1
9,21,0,2,1,6,1,0,0
10,22,1,2,1,7,0,0,0
11,22,0,5,1,8,0,1,1
12,21,0,2,2,6,1,1,0
13,21,1,2,1,8,0,1,1
14,21,0,1,2,8,0,0,1
15,22,1,4,0,8,1,0,1
16,22,0,2,1,7,1,0,0
17,21,1,6,0,6,0,0,0
18,21,1,2,1,7,0,0,0
19,22,1,2,1,7,0,0,0
20,22,1,6,0,8,0,0,1
21,21,1,2,1,6,0,0,0
22,22,1,6,0,7,0,0,0
23,22,1,1,1,7,0,1,0
24,22,1,1,0,7,0,0,0
25,21,1,5,0,8,1,0,1
26,22,1,5,1,8,0,0,1
27,22,1,3,1,8,0,0,1
28,22,1,3,1,8,0,0,1
29,21,1,3,0,6,0,0,1
30,22,1,4,1,8,1,0,1
31,21,1,5,1,7,0,0,1
32,21,0,6,1,7,0,0,0
33,21,1,5,0,7,0,0,0
34,21,1,2,1,6,0,0,1
35,21,1,3,1,6,0,0,0
36,22,1,6,0,7,0,0,1
37,22,1,2,1,8,0,0,1
38,22,1,3,1,6,0,0,0
39,22,1,1,0,8,0,1,1
40,22,1,5,1,6,0,1,0
41,22,1,6,0,8,1,0,1
42,21,1,5,1,7,1,1,1
43,21,1,5,1,7,0,0,1
44,22,0,3,2,8,0,0,1
45,21,0,1,3,6,0,0,1
46,22,1,2,1,8,0,0,1
47,21,1,1,1,7,0,1,1
48,21,1,3,2,7,0,0,1
49,21,0,1,0,7,0,0,0
50,22,1,1,0,8,0,0,1
51,21,1,5,1,8,0,0,1
52,21,0,2,1,8,1,0,1
53,21,1,5,3,6,1,1,0
54,21,0,1,3,6,0,0,1
55,21,1,2,1,7,0,0,1
56,21,1,1,0,8,0,0,1
57,21,1,6,0,8,0,0,1
58,21,1,1,0,8,0,0,1
59,21,0,5,1,8,0,0,1
60,21,1,2,2,9,0,1,1
61,22,1,2,0,8,0,0,1
62,21,1,3,0,8,0,0,1
63,21,1,3,0,9,0,0,1
64,21,1,3,1,8,1,0,1
65,22,1,4,0,9,0,0,1
66,22,1,2,1,9,0,0,1
67,21,1,3,0,8,0,0,1
68,22,1,2,2,9,0,0,1
69,21,1,4,0,8,1,1,1
70,22,1,5,1,8,0,0,1
71,22,1,3,0,9,0,0,1
72,22,1,2,3,9,0,0,1
73,21,1,3,0,8,0,0,1
74,22,1,3,1,9,0,0,1
75,21,1,6,0,8,0,0,1
76,21,1,4,0,9,1,0,1
77,22,1,4,0,8,1,1,1
78,22,1,3,0,8,0,0,1
79,21,1,2,1,8,0,0,1
80,21,1,6,0,9,0,0,1
81,21,1,2,1,9,0,0,1
82,22,1,4,0,8,1,0,1
83,21,1,3,0,8,0,0,1
84,21,1,4,0,8,1,0,1
85,21,1,1,2,7,0,0,1
86,21,1,2,0,8,0,0,1
87,21,1,2,0,6,0,0,0
88,22,0,6,1,6,1,0,0
89,22,1,4,1,7,0,0,0
90,21,1,6,1,8,0,1,1
91,22,1,3,1,6,0,0,1
92,21,1,5,1,6,0,0,1
93,22,0,3,2,7,0,0,0
94,22,1,1,0,6,0,0,0
95,22,1,2,1,8,0,0,1
96,21,1,2,2,7,0,0,0
97,22,1,3,0,8,0,0,1
98,22,0,3,0,7,0,0,0
99,21,1,4,0,7,0,0,0
100,23,1,2,0,7,0,0,1
101,23,1,6,0,6,0,0,1
102,23,1,4,1,5,0,0,0
103,24,1,3,2,6,0,0,1
104,23,1,5,0,5,1,0,0
105,23,1,3,1,6,0,0,0
106,24,0,3,0,6,0,0,1
107,24,1,3,1,7,0,0,1
108,24,1,6,1,7,0,1,1
109,23,1,3,1,7,0,0,1
110,23,1,3,1,6,0,0,1
111,24,1,1,1,6,0,1,1
112,24,1,5,0,7,0,0,0
113,23,1,3,1,6,0,0,0
114,24,1,2,0,6,0,0,1
115,23,1,5,0,6,0,0,0
116,23,1,3,1,7,1,0,1
117,23,1,3,1,7,1,0,1
118,24,1,3,3,5,0,1,1
119,23,1,4,0,6,1,0,1
120,23,0,3,2,6,0,0,1
121,23,1,1,1,7,0,0,0
122,23,1,3,1,5,0,0,1
123,23,1,3,1,7,0,0,1
124,23,1,4,2,7,1,0,1
125,24,1,3,1,5,0,0,0
126,24,1,3,1,7,0,0,0
127,24,1,2,2,7,0,0,1
128,24,1,1,0,5,0,0,0
129,24,1,3,1,7,0,0,1
130,23,1,4,0,6,1,1,1
131,23,1,2,0,6,0,0,0
132,23,0,4,1,7,1,0,0
133,24,1,2,1,6,0,0,1
134,23,1,4,1,6,1,1,1
135,24,1,2,0,6,0,0,1
136,24,1,4,0,6,0,0,1
137,24,1,3,0,5,0,0,1
138,23,1,5,0,5,0,0,0
139,24,1,5,0,5,1,0,0
140,23,1,2,1,5,0,0,1
141,23,1,1,0,7,0,0,1
142,24,1,3,3,7,0,0,1
143,24,1,2,2,5,0,0,1
144,24,1,2,2,5,0,0,1
145,23,1,6,0,7,1,0,1
146,24,1,3,1,6,0,0,1
147,23,1,4,0,5,1,1,0
148,23,1,5,0,6,0,0,0
149,24,1,2,1,7,0,0,1
150,23,1,5,0,5,0,0,0
151,24,0,3,0,5,0,0,0
152,23,1,2,1,5,0,0,1
153,23,0,1,2,6,0,0,0
154,24,1,6,0,7,0,0,1
155,24,1,1,2,6,0,0,1
156,23,1,3,0,5,0,0,0
157,24,1,2,2,6,0,0,1
158,23,1,2,1,6,0,0,0
159,24,1,2,0,7,0,1,1
160,22,1,1,0,7,0,0,1
161,22,1,4,0,5,1,0,0
162,22,1,2,1,5,0,0,0
163,21,1,2,1,6,0,0,1
164,21,1,6,3,6,1,0,1
165,21,1,2,0,6,0,1,1
166,21,1,5,0,5,0,0,0
167,21,0,3,1,6,0,0,0
168,22,1,2,1,5,0,0,0
169,22,1,2,1,5,0,0,0
170,21,1,6,1,6,0,0,1
171,21,0,3,2,5,0,0,0
172,21,1,3,1,6,0,0,1
173,22,1,6,0,6,0,0,0
174,22,1,6,0,7,0,1,0
175,21,1,3,0,7,0,0,1
176,21,1,1,0,7,0,0,1
177,22,0,3,1,7,1,0,0
178,22,1,5,1,6,0,0,1
179,21,0,4,1,5,1,0,0
180,22,0,3,1,6,1,0,0
181,22,1,2,2,6,0,0,1
182,21,1,1,1,6,0,1,0
183,22,1,6,0,5,0,0,0
184,21,1,5,2,5,0,1,0
185,22,1,6,1,7,0,0,0
186,21,0,2,1,7,1,0,0
187,21,1,2,1,6,0,0,0
188,22,0,1,1,5,1,0,0
189,21,0,3,0,6,0,0,0
190,22,1,2,0,5,0,0,0
191,22,1,2,0,5,0,0,0
192,21,1,4,0,7,1,0,0
193,21,1,2,0,5,0,0,0
194,21,1,3,0,5,0,1,0
195,22,0,2,1,5,1,0,0
196,21,1,1,2,6,1,1,0
197,21,1,3,1,5,1,1,0
198,22,0,2,2,7,1,0,0
199,21,1,2,0,8,0,0,1
200,21,1,2,2,7,0,0,1
201,22,1,2,1,6,0,0,0
202,21,0,3,2,6,1,0,1
203,21,1,1,1,7,0,0,0
204,21,0,2,1,7,1,0,0
205,21,1,4,0,8,1,0,1
206,22,1,4,0,8,1,0,1
207,22,1,3,1,6,0,0,0
208,21,0,5,0,7,0,0,0
209,21,1,4,0,8,0,0,1
210,21,1,2,2,8,0,0,1
211,21,1,3,1,7,0,0,0
212,22,1,3,0,6,0,1,0
213,22,1,3,1,8,0,0,1
214,21,1,5,1,7,0,0,1
215,21,0,6,1,6,0,0,0
216,21,1,2,3,6,0,0,1
217,21,1,6,1,7,1,0,0
218,22,1,5,1,7,0,0,0
219,21,1,1,2,6,1,1,0
220,22,1,5,1,8,0,1,1
221,22,1,2,2,8,0,0,1
222,21,1,4,1,6,1,1,0
223,22,1,2,0,7,0,0,0
224,22,1,6,0,6,0,0,0
225,21,1,6,0,6,1,0,0
226,21,0,2,1,7,1,0,0
227,21,1,2,2,7,0,0,1
228,21,0,4,1,6,1,0,0
229,22,1,4,0,6,1,0,0
230,22,1,1,1,8,0,0,1
231,22,1,2,1,8,0,0,1
232,21,0,3,0,8,0,0,1
233,22,1,3,1,7,0,0,0
234,21,1,3,0,8,0,1,1
235,22,1,2,1,8,0,0,1
236,22,1,2,1,7,0,0,0
237,21,0,3,2,7,0,0,1
238,21,0,4,1,8,1,0,1
239,21,0,2,1,6,1,0,0
240,22,0,3,1,7,0,0,0
241,22,0,2,0,6,1,0,0
242,21,1,3,2,8,1,0,1
243,22,1,6,0,7,1,1,0
244,21,1,5,1,6,0,0,0
245,21,1,1,2,6,0,0,1
246,21,1,4,1,7,1,0,0
247,22,1,6,0,7,0,0,0
248,22,0,5,1,6,0,0,0
249,22,1,2,0,8,0,0,1
250,21,1,2,3,8,0,0,1
251,21,0,3,0,8,0,1,1
252,22,1,1,0,6,0,0,0
253,22,1,6,1,7,0,0,0
254,22,1,3,1,8,1,1,1
255,22,0,2,1,8,1,1,1
256,22,1,4,1,8,1,0,1
257,21,1,5,2,6,0,0,1
258,22,1,1,1,6,0,0,0
259,22,1,3,0,8,0,0,1
260,22,0,2,1,7,1,0,0
261,21,1,3,1,8,0,0,1
262,21,1,5,1,7,0,0,1
263,22,1,4,0,8,1,1,1
264,21,1,6,0,6,0,0,0
265,21,1,3,1,6,0,0,0
266,21,0,3,1,8,0,0,1
267,22,1,1,1,8,1,1,1
268,21,1,6,1,7,0,0,0
269,22,1,3,2,6,0,0,1
270,21,1,5,0,6,1,0,0
271,22,1,3,1,7,1,1,0
272,21,1,1,0,6,0,0,0
273,22,1,2,0,8,0,1,1
274,21,1,1,1,7,0,0,0
275,22,1,4,0,6,1,0,0
276,21,1,6,0,7,0,0,0
277,21,0,6,1,7,1,0,0
278,21,1,2,1,7,0,0,0
279,21,1,3,0,6,0,1,1
280,21,0,1,2,7,0,0,1
281,22,0,4,1,8,1,0,1
282,21,1,4,0,6,1,1,1
283,21,1,6,0,7,1,0,1
284,22,1,1,0,8,0,0,1
285,21,1,1,1,6,1,1,1
286,21,1,4,2,6,1,0,0
287,22,1,2,0,8,0,0,1
288,21,1,6,0,7,0,0,0
289,22,1,3,0,7,0,0,0
290,22,1,2,0,7,0,0,0
291,22,1,6,1,6,1,0,0
292,22,0,2,2,6,1,1,0
293,22,1,1,0,7,0,0,1
294,21,1,6,0,8,0,0,1
295,21,1,6,0,8,0,0,1
296,22,1,2,2,6,0,0,1
297,22,1,2,2,7,0,0,1
298,22,1,1,1,7,1,1,1
299,21,1,3,2,7,0,0,1
300,22,1,6,0,6,0,0,0
301,22,1,6,1,6,0,0,1
302,21,1,1,0,7,0,0,0
303,21,1,3,0,7,0,0,1
304,22,1,1,1,8,0,0,1
305,22,1,2,0,6,0,1,0
306,22,1,5,2,8,0,1,1
307,22,1,3,0,6,0,1,1
308,22,0,2,1,6,1,0,1
309,21,1,5,0,8,0,0,1
310,21,1,2,1,7,0,0,1
311,22,1,3,2,7,0,1,1
312,22,0,2,1,8,1,0,1
313,22,1,6,0,6,0,0,1
314,22,1,4,0,6,1,0,1
315,22,1,6,0,7,0,0,0
316,22,0,3,0,6,0,0,1
317,22,1,5,1,8,0,0,1
318,21,0,2,0,6,1,0,0
319,21,1,2,1,6,0,0,1
320,21,1,2,0,8,0,0,1
321,21,1,4,0,7,0,1,1
322,21,1,2,2,8,0,0,1
323,22,1,6,0,8,1,0,1
324,21,1,4,1,6,1,0,0
325,22,1,2,0,8,0,0,1
326,21,1,2,1,8,0,0,1
327,21,1,1,0,6,0,0,0
328,22,1,1,1,6,1,1,0
329,22,1,3,0,8,0,0,1
330,21,1,2,1,6,0,0,0
331,22,0,5,0,6,0,0,1
332,22,1,1,0,7,0,0,0
333,21,1,3,0,8,0,0,1
334,22,1,4,0,8,1,1,1
335,22,1,4,0,7,1,1,0
336,21,1,1,0,8,0,0,1
337,21,1,3,1,6,0,0,0
338,22,0,2,2,7,1,0,1
339,22,1,1,0,7,0,0,0
340,21,1,1,1,7,0,1,1
341,22,1,3,0,8,0,0,1
342,21,1,3,0,8,0,0,1
343,22,0,5,1,8,0,1,1
344,22,1,3,1,6,0,0,1
345,22,1,4,0,8,1,1,1
346,21,1,4,0,6,1,0,1
347,21,1,1,1,8,0,0,1
348,21,1,6,0,7,0,0,0
349,22,0,2,1,8,1,0,1
350,22,0,3,1,7,0,0,1
351,21,1,4,1,6,1,0,0
352,21,1,4,0,7,1,0,1
353,21,1,1,0,8,0,0,1
354,22,1,2,0,6,0,0,1
355,22,1,5,0,6,0,1,0
356,21,1,3,2,8,0,0,1
357,22,1,5,0,8,0,0,1
358,21,1,1,1,7,0,0,0
359,22,1,4,0,7,1,0,1
360,22,1,1,0,7,0,0,0
361,21,1,2,1,8,0,0,1
362,22,1,1,0,8,0,0,1
363,21,1,2,0,8,0,1,1
364,21,1,3,1,7,0,1,0
365,22,1,1,0,7,0,0,0
366,22,1,2,1,6,0,0,0
367,21,1,2,0,8,0,1,1
368,21,0,5,0,6,0,0,0
369,21,1,3,0,6,0,0,0
370,22,1,2,2,8,0,0,1
371,21,0,2,1,7,1,0,0
372,22,1,3,0,6,0,0,0
373,22,1,3,0,6,0,0,0
374,22,1,6,1,6,1,0,0
375,22,1,4,0,7,0,0,0
376,21,1,4,0,8,1,0,1
377,21,0,3,0,6,0,0,0
378,21,1,4,1,6,1,1,0
379,22,1,2,0,7,0,1,0
380,21,1,2,0,7,0,0,0
381,22,1,3,0,8,0,0,1
382,21,1,2,0,6,0,0,0
383,21,1,3,1,6,1,0,0
384,22,0,1,1,6,0,1,0
385,21,1,3,0,6,0,0,0
386,21,1,2,1,8,0,0,1
387,22,1,4,1,6,1,0,0
388,22,0,1,0,7,0,0,0
389,22,0,3,0,7,0,1,0
390,22,1,6,0,6,0,0,0
391,22,1,4,0,8,1,0,1
392,21,1,1,0,8,0,0,1
393,22,1,2,1,6,0,0,0
394,21,1,4,0,6,1,0,0
395,21,1,3,1,8,0,0,1
396,21,1,1,1,8,1,1,1
397,21,1,1,2,8,0,0,1
398,21,0,1,2,7,0,0,1
399,21,1,3,0,6,0,1,0
400,22,1,5,0,6,0,0,0
401,22,1,4,1,6,0,0,0
402,21,1,1,1,6,0,1,0
403,21,0,3,1,5,1,0,0
404,21,0,2,0,6,1,1,0
405,22,1,3,1,5,0,0,0
406,21,1,4,1,5,1,1,0
407,21,1,3,2,6,1,0,1
408,21,1,2,2,5,0,1,0
409,22,1,5,0,5,0,0,0
410,21,1,3,0,5,0,1,0
411,22,1,1,2,7,0,1,0
412,21,1,5,0,7,0,1,0
413,21,1,1,1,6,1,1,0
414,22,1,2,1,6,0,0,0
415,22,1,4,0,6,1,0,0
416,22,1,2,2,6,0,0,1
417,21,1,5,0,6,0,0,0
418,22,1,6,0,6,1,0,0
419,22,1,3,0,7,0,0,0
420,21,1,2,0,6,0,1,0
421,22,1,5,2,6,0,1,0
422,22,1,2,1,6,0,0,0
423,21,1,2,1,7,0,0,0
424,22,1,4,0,8,1,0,1
425,21,1,5,3,7,0,0,1
426,22,1,4,0,8,1,1,1
427,21,1,5,0,6,0,0,0
428,21,0,2,0,8,1,0,1
429,21,1,2,0,7,0,0,0
430,21,0,5,1,6,0,0,0
431,22,0,6,1,8,0,0,1
432,21,1,6,0,8,0,0,1
433,21,1,3,1,6,0,0,0
434,21,1,2,1,6,0,0,0
435,21,1,4,0,6,1,1,0
436,21,1,6,0,7,0,0,0
437,21,0,3,1,8,1,0,1
438,22,1,6,0,8,0,0,1
439,22,1,2,0,7,0,1,0
440,21,1,5,0,6,0,0,0
441,21,1,5,1,6,0,1,0
442,22,1,1,1,8,0,1,1
443,21,1,2,0,7,0,1,0
444,21,1,2,0,7,0,1,0
445,21,1,6,1,8,0,1,1
446,22,1,3,0,8,0,0,1
447,21,1,1,0,6,0,0,0
448,28,1,6,0,8,1,0,1
449,21,1,2,2,7,0,0,1
450,22,1,1,2,6,0,0,1
451,21,1,3,1,8,1,0,1
452,22,1,4,0,6,1,0,1
453,21,1,4,0,8,1,0,1
454,21,1,3,1,6,0,0,0
455,22,0,4,1,7,1,0,0
456,22,1,1,0,8,0,0,1
457,21,1,5,0,6,0,0,0
458,21,1,4,0,6,1,0,1
459,22,1,4,0,7,1,0,0
460,22,1,1,1,6,1,1,0
461,22,1,2,0,7,0,1,1
462,21,1,2,0,7,0,0,1
463,22,1,2,0,8,0,1,1
464,22,1,3,1,6,1,0,0
465,21,1,1,0,6,0,0,0
466,22,1,2,0,6,0,0,1
467,21,1,6,0,6,0,0,1
468,22,0,3,1,8,0,0,1
469,21,1,3,1,8,0,0,1
470,21,1,4,0,8,1,0,1
471,22,1,6,0,6,0,0,0
472,22,1,5,0,7,0,1,0
473,21,1,3,1,6,0,1,1
474,21,1,4,1,6,1,0,0
475,22,1,4,0,6,1,1,1
476,22,0,3,0,7,0,0,1
477,22,1,3,2,7,0,0,0
478,21,1,2,3,8,0,0,1
479,22,1,2,0,6,0,0,1
480,21,1,2,0,8,0,1,1
481,21,0,3,1,8,0,1,1
482,21,0,2,0,8,1,1,1
483,22,1,3,1,6,0,0,1
484,21,1,1,0,8,0,1,1
485,22,0,4,1,7,1,0,0
486,21,1,3,1,8,1,0,1
487,22,1,5,0,6,0,0,0
488,22,1,4,0,7,1,0,0
489,22,1,6,0,6,1,0,0
490,22,1,3,0,6,0,1,1
491,22,1,1,1,7,0,0,0
492,21,1,3,1,8,0,0,1
493,22,1,5,1,7,0,0,0
494,22,1,4,0,6,1,0,1
495,21,1,6,2,6,1,0,1
496,22,1,1,0,6,0,0,1
497,21,1,2,0,7,0,0,1
498,22,1,4,0,7,1,1,0
499,22,1,4,2,7,1,0,1
500,22,1,4,0,7,1,0,1
501,21,1,2,0,7,0,0,0
502,22,1,2,1,7,0,0,1
503,21,1,5,0,6,0,0,1
504,22,1,6,0,6,0,0,0
505,21,1,3,3,8,1,0,1
506,22,0,1,3,8,1,1,1
507,21,1,3,0,7,0,1,1
508,21,1,2,1,8,0,0,1
509,21,1,3,0,7,0,0,0
510,21,1,4,2,6,1,0,1
511,22,1,4,0,8,1,0,1
512,21,0,2,1,8,1,0,1
513,22,1,5,0,8,0,1,1
514,21,1,6,1,8,0,0,1
515,22,0,2,1,7,1,0,0
516,21,1,5,0,7,0,0,0
517,21,0,3,0,7,0,0,0
518,21,0,2,1,8,1,0,1
519,21,1,2,1,8,0,0,1
520,21,1,1,1,6,0,0,0
521,22,1,4,0,8,1,0,1
522,22,1,1,1,8,0,0,1
523,21,1,2,1,6,0,0,0
524,21,1,6,0,7,0,0,0
525,22,1,1,1,7,0,1,0
526,22,1,5,1,7,0,0,0
527,22,1,5,0,8,0,0,1
528,21,1,3,1,8,0,0,1
529,22,1,4,2,7,1,0,0
530,21,1,6,0,6,1,1,0
531,22,1,4,1,6,1,0,0
532,22,1,1,1,7,0,0,0
533,22,1,4,1,7,1,0,0
534,22,0,4,1,8,0,0,1
535,21,1,2,0,7,0,1,0
536,21,1,1,0,8,0,0,1
537,21,1,4,1,7,0,0,0
538,22,1,3,0,7,0,0,0
539,21,1,2,2,7,0,0,1
540,22,1,6,1,8,0,0,1
541,22,1,1,0,8,0,0,1
542,22,1,4,0,7,1,0,0
543,22,1,3,1,7,0,0,0
544,22,1,2,1,6,0,0,0
545,21,1,2,1,6,0,0,0
546,22,0,6,1,6,0,0,0
547,21,0,6,1,8,0,0,1
548,22,0,2,1,7,1,0,0
549,21,1,4,1,8,1,0,1
550,30,1,2,1,8,0,0,1
551,22,1,3,0,8,0,1,1
552,21,1,3,1,7,0,1,0
553,22,0,1,0,7,0,0,0
554,22,1,3,1,8,1,0,1
555,22,1,6,1,7,0,0,0
556,22,1,5,1,6,1,1,0
557,21,0,6,1,7,0,1,0
558,21,1,2,0,6,0,0,0
559,22,1,5,1,7,0,0,0
560,21,1,3,0,8,0,1,1
561,21,1,2,1,7,0,0,0
562,22,1,5,1,7,0,1,0
563,22,1,5,0,8,0,0,1
564,22,1,5,1,7,0,0,0
565,21,1,2,1,7,0,0,0
566,21,1,2,2,7,0,0,1
567,21,1,2,0,7,0,0,0
568,22,1,5,0,7,0,1,0
569,22,1,2,2,6,0,0,1
570,22,1,1,0,8,0,0,1
571,21,1,5,0,7,0,0,0
572,22,1,3,1,6,0,0,0
573,21,1,2,0,7,0,0,0
574,22,0,3,0,8,0,0,1
575,22,1,1,1,7,0,0,0
576,21,1,3,0,6,0,0,0
577,21,1,6,0,7,1,0,0
578,22,1,5,1,8,0,0,1
579,22,1,2,0,6,0,0,0
580,21,1,3,0,7,0,0,0
581,21,1,6,1,8,0,0,1
582,21,1,2,1,7,0,0,0
583,22,1,6,0,7,1,0,0
584,21,1,2,2,7,0,1,0
585,22,0,1,0,8,0,0,1
586,21,1,2,1,7,0,0,0
587,22,1,2,1,6,0,0,0
588,21,1,2,0,7,0,1,0
589,21,1,1,1,7,0,0,1
590,21,1,3,1,8,0,1,1
591,21,1,1,0,7,0,0,1
592,22,1,3,2,6,0,0,1
593,22,1,2,1,6,0,0,0
594,21,1,1,0,7,0,0,1
595,22,1,2,1,6,0,0,1
596,21,1,1,0,8,0,0,1
597,22,0,3,0,8,0,0,1
598,22,1,3,1,7,0,0,0
599,21,1,3,2,6,1,0,1
600,21,1,2,2,8,0,0,1
601,22,0,3,2,7,1,0,1
602,21,1,2,2,7,0,0,1
603,21,1,3,2,8,0,0,1
604,21,1,2,2,7,0,0,1
605,22,0,3,1,7,1,0,1
606,22,1,2,2,7,0,0,1
607,21,1,5,1,8,0,0,1
608,21,1,3,2,7,0,1,0
609,22,1,2,1,8,0,1,1
610,21,1,2,1,7,0,0,0
611,21,1,6,2,6,0,0,0
612,22,1,5,1,6,0,0,0
613,21,1,3,1,8,0,1,1
614,21,1,1,1,7,0,0,0
615,21,1,5,1,7,0,1,1
616,21,1,5,2,8,0,0,1
617,22,1,1,1,8,0,0,1
618,22,1,4,1,8,1,0,1
619,21,1,6,2,8,1,1,1
620,22,0,2,1,6,1,0,1
621,22,1,5,2,6,0,0,1
622,22,1,4,2,7,1,0,0
623,22,0,1,1,7,0,0,0
624,22,0,1,2,8,0,0,1
625,22,1,1,1,8,0,0,1
626,21,1,4,1,6,1,0,0
627,22,1,4,2,6,1,0,1
628,22,1,6,1,6,0,0,0
629,21,1,4,1,8,1,0,1
630,21,0,3,2,6,0,0,1
631,21,1,1,2,8,0,0,1
632,21,1,3,2,8,0,1,1
633,22,1,2,2,7,0,0,0
634,22,1,3,1,8,0,0,1
635,22,1,5,2,8,0,0,1
636,22,1,1,2,8,0,0,1
637,21,1,2,2,6,0,0,1
638,22,1,2,1,7,0,0,1
639,21,0,4,1,7,1,0,0
640,21,1,2,2,6,0,0,1
641,22,0,2,1,6,1,0,1
642,21,1,4,1,6,1,1,0
643,22,1,1,1,7,0,1,0
644,21,0,2,1,8,1,0,1
645,22,1,5,1,7,0,0,0
646,21,1,3,2,6,1,0,1
647,21,0,3,1,7,0,1,1
648,22,0,3,1,6,0,0,1
649,21,1,4,2,6,1,0,1
650,22,1,4,1,6,1,0,0
651,21,1,1,1,7,0,0,1
652,22,1,3,0,6,0,0,1
653,22,1,6,1,8,0,0,1
654,21,1,5,0,7,0,0,0
655,22,1,1,1,7,0,0,0
656,22,0,3,1,8,0,0,1
657,22,0,5,1,6,0,1,0
658,21,1,4,0,7,1,0,0
659,22,1,1,0,7,0,0,0
660,22,1,3,1,7,1,0,0
661,22,1,2,0,7,0,1,0
662,21,1,1,1,8,1,1,1
663,22,1,2,0,6,0,0,0
664,22,1,3,0,7,0,0,0
665,21,1,1,1,6,0,0,0
666,22,1,4,1,7,1,1,0
667,22,1,2,2,7,0,0,0
668,22,0,5,1,7,1,1,0
669,21,1,6,1,6,0,0,0
670,22,1,6,0,6,0,0,0
671,22,1,5,0,7,0,0,0
672,21,1,2,1,7,0,0,0
673,22,0,3,0,6,0,0,0
674,21,1,5,0,8,0,0,1
675,21,1,4,0,7,1,0,0
676,21,1,2,1,6,0,0,0
677,22,1,2,0,7,0,0,0
678,22,0,6,1,8,0,0,1
679,22,0,3,1,7,0,0,0
680,21,0,3,2,8,0,1,1
681,21,1,2,1,8,0,0,1
682,22,1,3,0,8,0,0,1
683,21,0,1,0,6,0,0,0
684,22,1,6,2,6,1,0,1
685,21,1,1,2,8,0,0,1
686,21,1,4,0,7,1,0,0
687,21,1,5,0,7,0,0,0
688,22,1,4,0,8,1,0,1
689,21,1,6,0,6,0,0,0
690,22,1,3,0,8,0,0,1
691,21,1,2,1,7,0,0,0
692,22,1,2,1,8,0,0,1
693,21,1,3,2,8,0,0,1
694,22,1,3,1,7,0,0,0
695,22,0,6,1,6,0,0,0
696,21,1,2,0,8,0,0,1
697,21,1,2,0,8,0,1,1
698,21,1,4,2,6,1,0,1
699,21,1,5,1,8,0,0,1
700,25,1,2,0,7,0,0,0
701,26,1,1,2,6,0,0,1
702,24,0,5,1,8,0,1,1
703,25,1,2,2,6,0,0,1
704,24,0,1,0,6,0,0,1
705,25,1,2,1,8,0,0,1
706,23,1,1,0,9,0,0,1
707,24,1,5,1,7,0,0,1
708,25,1,6,0,9,1,0,1
709,25,1,2,1,8,0,0,1
710,26,0,3,1,6,0,0,1
711,26,1,3,1,6,1,0,1
712,25,1,5,0,8,0,0,1
713,26,1,3,0,8,0,0,1
714,24,1,3,0,8,0,0,1
715,25,1,2,1,8,0,0,1
716,23,1,2,1,6,0,0,1
717,23,1,6,0,7,0,0,0
718,24,1,1,1,9,0,0,1
719,25,1,2,0,8,0,0,1
720,24,1,2,0,7,0,1,1
721,24,1,4,2,8,1,0,1
722,23,1,4,1,8,1,0,1
723,26,1,3,1,8,0,0,1
724,23,0,6,1,7,0,1,0
725,26,1,2,1,9,0,0,1
726,26,1,5,2,8,1,0,1
727,26,1,5,0,9,0,1,1
728,26,1,6,0,6,0,0,1
729,24,1,4,0,9,0,1,1
730,24,1,2,1,7,0,0,1
731,23,1,5,0,8,0,0,1
732,26,0,4,1,7,1,0,0
733,23,1,3,1,7,0,0,0
734,24,1,4,0,8,0,0,1
735,26,1,6,0,9,0,0,1
736,25,1,5,0,7,0,0,0
737,23,1,4,0,9,1,1,1
738,24,0,2,1,8,1,0,1
739,23,1,3,1,8,0,0,1
740,23,1,4,0,7,1,0,0
741,26,1,2,3,7,0,0,1
742,24,1,3,1,6,0,0,1
743,26,1,5,1,8,0,0,1
744,23,1,2,1,6,0,0,1
745,23,1,6,1,7,0,0,0
746,26,1,3,1,7,0,0,1
747,26,1,6,0,7,0,0,0
748,24,1,2,1,7,0,0,1
749,23,1,3,0,8,0,0,1
750,26,0,3,1,6,0,1,1
751,23,1,1,1,6,1,1,0
752,24,1,6,0,7,0,0,0
753,24,1,2,1,6,0,0,1
754,25,1,3,1,6,0,0,1
755,25,1,2,0,8,0,0,1
756,26,1,6,0,8,1,0,1
757,24,1,4,0,6,1,0,1
758,26,0,5,1,8,0,0,1
759,25,1,3,1,8,0,0,1
760,22,1,2,0,6,0,0,1
761,21,1,3,0,6,0,0,1
762,22,1,5,1,6,0,0,0
763,22,1,3,1,6,0,0,1
764,22,0,2,1,6,1,0,1
765,22,1,1,1,8,0,0,1
766,21,0,2,1,6,1,0,1
767,22,1,2,1,6,0,0,0
768,21,0,3,1,6,0,0,1
769,21,1,5,0,8,0,0,1
770,22,1,4,0,7,1,0,0
771,22,0,2,2,8,1,0,1
772,22,1,2,1,8,0,0,1
773,22,1,2,1,8,0,0,1
774,21,1,3,0,7,0,0,1
775,21,0,1,0,6,0,0,0
776,21,1,5,1,6,0,0,0
777,22,1,2,1,6,0,0,1
778,22,1,5,0,8,0,0,1
779,21,1,5,1,7,0,1,1
780,21,0,4,1,7,0,0,0
781,22,1,5,0,7,1,0,0
782,21,0,3,2,8,0,0,1
783,22,1,4,0,8,1,0,1
784,21,1,2,1,8,0,0,1
785,22,1,6,0,6,1,1,0
786,21,1,3,0,6,0,0,0
787,21,0,1,1,8,1,1,1
788,22,0,3,1,8,0,0,1
789,22,1,4,1,8,1,0,1
790,22,1,6,0,8,1,0,1
791,22,1,6,0,6,0,0,0
792,22,1,2,1,8,0,0,1
793,22,1,1,1,8,0,0,1
794,22,1,2,2,8,0,1,1
795,22,0,5,0,8,0,0,1
796,22,1,3,1,7,1,0,1
797,22,0,2,0,8,1,0,1
798,22,1,5,0,7,0,0,0
799,21,1,1,0,8,0,1,1
800,22,0,3,0,7,0,0,1
801,21,1,2,1,7,0,0,1
802,22,1,6,1,6,0,0,0
803,21,0,3,0,6,0,0,1
804,22,1,2,1,8,0,0,1
805,21,1,4,0,8,1,0,1
806,22,1,6,0,6,0,0,0
807,22,1,2,1,6,0,0,1
808,22,1,2,1,7,0,0,1
809,21,1,6,0,6,0,0,0
810,22,1,2,1,8,0,0,1
811,21,1,6,1,8,0,0,1
812,21,1,1,1,6,1,1,0
813,22,0,4,1,8,0,0,1
814,22,1,3,0,8,0,0,1
815,21,1,6,0,6,0,0,0
816,22,1,1,1,6,0,0,0
817,21,1,4,0,8,1,0,1
818,21,0,5,0,7,0,0,0
819,22,1,2,0,6,0,0,1
820,22,0,3,1,7,1,0,1
821,21,1,1,1,8,1,0,1
822,21,1,2,2,8,0,0,1
823,22,1,6,0,7,0,1,0
824,21,1,1,0,7,0,0,0
825,21,1,6,0,8,1,0,1
826,21,1,4,0,7,1,0,0
827,21,0,3,0,7,0,0,1
828,21,1,1,2,6,0,0,1
829,21,0,3,0,8,0,0,1
830,21,1,1,0,7,0,0,1
831,21,1,3,1,8,0,0,1
832,22,1,1,3,7,0,0,0
833,21,1,4,0,6,1,0,0
834,21,1,4,0,6,1,0,0
835,21,0,4,1,8,1,0,1
836,22,1,5,0,8,1,0,1
837,21,1,3,0,6,0,0,1
838,22,0,3,0,6,0,0,1
839,22,1,2,1,6,0,0,0
840,21,1,3,0,6,0,0,1
841,22,1,2,1,7,0,0,1
842,22,1,4,1,8,1,0,1
843,22,1,5,0,7,1,0,0
844,22,1,1,1,6,1,1,0
845,21,1,2,0,7,0,0,1
846,22,1,5,1,6,0,0,0
847,21,1,1,0,6,0,0,0
848,22,1,3,0,8,0,1,1
849,22,1,1,2,8,0,0,1
850,22,1,4,1,7,1,0,0
851,22,0,3,0,6,0,0,0
852,21,1,5,0,7,0,0,1
853,22,1,1,0,7,0,0,0
854,22,1,2,1,7,0,0,1
855,21,1,2,1,8,0,0,1
856,21,1,2,2,7,0,0,1
857,22,1,3,2,6,0,0,1
858,21,1,3,1,6,0,0,1
859,22,1,6,0,8,0,1,1
860,22,1,4,1,7,1,0,0
861,21,1,2,1,8,0,0,1
862,21,1,4,0,8,1,0,1
863,21,1,5,2,7,1,1,1
864,21,0,2,0,6,1,0,1
865,22,1,4,1,6,0,0,0
866,22,1,6,0,6,1,0,0
867,21,1,1,2,7,0,0,1
868,22,0,3,0,8,0,0,1
869,22,1,1,0,6,0,0,0
870,22,0,3,1,6,0,0,1
871,22,1,4,1,7,1,0,0
872,22,1,4,1,6,1,0,0
873,22,1,3,0,8,0,0,1
874,22,1,3,0,8,0,0,1
875,21,1,5,1,6,1,1,0
876,22,1,2,1,7,0,0,1
877,21,1,2,0,8,0,1,1
878,21,1,3,2,6,0,0,1
879,21,1,1,1,8,1,1,1
880,22,1,3,0,8,0,0,1
881,22,0,3,0,8,0,0,1
882,22,1,2,0,6,0,1,1
883,22,1,3,1,8,0,0,1
884,21,1,2,0,6,0,1,0
885,21,1,5,0,6,0,0,0
886,22,1,3,1,8,0,1,1
887,22,1,4,0,6,1,0,0
888,21,1,3,1,8,0,0,1
889,22,1,5,1,7,0,0,0
890,22,1,1,0,8,0,0,1
891,21,1,3,0,8,0,0,1
892,21,0,2,1,7,1,0,1
893,22,1,3,0,6,0,0,1
894,22,1,3,0,7,0,0,1
895,22,1,6,0,6,1,1,0
896,22,1,3,1,7,0,0,0
897,21,1,5,1,8,0,0,1
898,21,0,3,2,7,0,0,1
899,22,1,3,3,8,0,0,1
900,22,1,4,0,7,1,1,0
901,21,0,3,1,6,1,0,0
902,22,1,4,1,7,1,1,0
903,21,1,3,1,6,0,0,0
904,21,1,4,0,8,1,0,1
905,22,1,5,0,8,0,1,1
906,21,1,3,1,8,0,0,1
907,21,1,2,0,6,0,0,0
908,22,1,3,0,7,0,0,0
909,21,1,4,0,8,1,0,1
910,21,1,3,0,7,0,0,0
911,21,1,5,0,6,0,0,0
912,21,1,1,1,7,1,1,0
913,21,1,6,2,7,0,0,0
914,22,0,6,1,8,0,0,1
915,22,1,3,0,6,0,0,1
916,22,0,3,1,6,0,0,1
917,22,1,6,0,7,1,0,0
918,21,1,2,0,8,0,1,1
919,22,1,3,2,6,0,0,1
920,21,1,6,0,6,0,0,0
921,21,1,6,0,8,0,0,1
922,21,1,2,0,7,0,0,1
923,21,1,6,1,7,0,0,0
924,21,1,6,1,6,0,0,0
925,21,1,3,2,8,0,1,1
926,21,0,4,1,6,1,0,0
927,22,1,3,2,8,0,0,1
928,21,0,6,1,8,0,1,1
929,22,1,3,0,6,0,0,1
930,22,1,1,0,7,0,0,0
931,21,1,2,1,8,0,0,1
932,22,1,3,2,7,1,0,1
933,22,1,2,1,7,0,0,1
934,22,1,3,1,7,0,1,1
935,22,1,2,1,7,0,0,1
936,22,1,4,1,7,1,1,0
937,22,0,2,1,7,1,0,0
938,22,1,4,0,7,1,0,0
939,22,1,6,0,8,0,0,1
940,22,1,3,2,7,0,1,1
941,22,1,4,0,7,1,0,0
942,22,1,2,0,6,0,0,1
943,22,1,1,0,8,0,0,1
944,22,1,2,1,8,0,0,1
945,22,1,2,1,6,0,0,1
946,22,1,2,2,7,0,0,1
947,21,1,2,1,8,0,0,1
948,21,1,3,0,7,0,1,1
949,22,1,2,0,7,0,0,1
950,22,0,3,0,8,0,0,1
951,22,1,3,0,7,0,0,1
952,22,1,2,0,8,0,0,1
953,21,1,6,1,8,0,0,1
954,21,1,4,0,7,1,0,0
955,21,1,3,1,6,0,0,1
956,21,1,3,1,8,0,0,1
957,21,1,4,0,7,1,0,0
958,22,1,2,1,7,0,0,1
959,21,1,2,1,7,0,0,1
960,22,1,4,1,8,1,0,1
961,22,1,3,1,8,1,0,1
962,21,1,3,0,6,0,1,1
963,21,1,3,0,7,0,1,1
964,22,1,3,2,8,0,0,1
965,22,1,5,0,8,1,1,1
966,22,1,4,0,7,1,0,0
967,22,0,1,1,6,0,0,0
968,21,1,4,0,8,1,0,1
969,21,1,5,0,7,0,0,0
970,22,1,1,1,6,0,0,0
971,21,1,6,0,8,0,0,1
972,21,1,6,0,8,1,0,1
973,22,1,2,1,7,0,0,1
974,21,1,4,1,6,1,0,0
975,21,1,3,0,6,0,1,1
976,22,0,2,0,8,1,0,1
977,21,0,2,0,7,1,0,0
978,22,1,6,0,8,0,0,1
979,22,1,2,1,8,0,1,1
980,22,1,6,0,6,0,1,0
981,22,1,4,0,7,1,0,0
982,21,1,1,1,7,0,1,1
983,22,1,3,0,8,0,0,1
984,22,1,2,0,6,0,0,1
985,22,1,3,1,8,0,0,1
986,21,1,1,1,7,0,0,0
987,22,0,2,1,8,1,0,1
988,22,0,2,2,7,1,0,1
989,22,1,5,0,6,0,0,0
990,22,1,4,0,6,1,0,0
991,22,1,2,2,7,0,0,1
992,22,1,4,0,7,1,0,0
993,22,1,2,1,7,0,0,1
994,21,1,3,1,6,1,1,1
995,21,1,3,1,6,0,1,1
996,22,0,3,1,7,0,0,1
997,21,1,3,2,8,0,1,1
998,21,1,6,0,6,0,0,0
999,21,1,3,0,6,0,0,1
1000,22,1,3,2,8,0,0,1
1001,22,1,3,1,8,0,0,1
1002,21,0,2,1,8,1,1,1
1003,22,1,2,1,7,0,0,1
1004,22,1,5,2,6,0,0,1
1005,21,1,6,1,7,0,0,0
1006,21,1,3,2,7,0,1,1
1007,22,1,3,2,7,0,1,1
1008,21,1,1,1,6,1,1,0
1009,21,1,4,1,8,1,1,1
1010,22,1,3,1,8,1,0,1
1011,22,1,3,2,6,0,1,1
1012,21,1,2,1,6,0,1,0
1013,22,1,3,2,7,0,0,1
1014,22,1,3,1,8,0,0,1
1015,21,1,3,2,7,0,1,1
1016,21,1,5,2,8,0,0,1
1017,22,1,6,2,8,1,1,1
1018,22,1,3,2,6,0,0,1
1019,22,1,3,2,6,0,0,1
1020,21,0,6,2,7,0,0,0
1021,22,1,5,1,7,0,1,0
1022,22,1,6,2,7,0,0,0
1023,21,1,3,2,8,0,0,1
1024,21,1,6,1,6,0,0,0
1025,22,0,2,2,6,1,0,1
1026,21,0,1,1,7,0,0,1
1027,22,0,3,1,7,0,1,1
1028,21,1,4,2,6,1,0,1
1029,22,1,4,2,6,1,0,1
1030,21,1,3,2,7,0,0,1
1031,22,1,2,2,7,0,0,1
1032,21,1,5,1,6,0,0,0
1033,21,0,2,1,6,0,0,1
1034,22,1,6,2,6,1,0,1
1035,22,1,2,1,7,0,0,1
1036,21,1,3,1,8,0,0,1
1037,21,1,2,2,7,0,0,1
1038,22,0,4,1,6,1,0,0
1039,22,0,3,1,8,0,0,1
1040,22,1,4,1,6,1,0,0
1041,21,1,2,1,8,0,1,1
1042,21,1,2,2,8,0,1,1
1043,22,1,3,2,8,0,0,1
1044,22,1,4,1,7,1,0,0
1045,22,1,2,2,7,0,0,0
1046,21,1,2,2,8,0,0,1
1047,22,1,4,1,7,1,0,0
1048,21,1,2,2,7,0,0,1
1049,22,1,6,1,6,0,0,0
1050,22,1,6,2,8,0,1,1
1051,21,1,5,2,7,0,0,1
1052,21,0,2,1,6,1,1,0
1053,22,1,2,1,6,0,1,0
1054,22,1,5,2,7,0,0,0
1055,22,0,1,1,7,1,1,0
1056,22,1,6,1,7,0,0,0
1057,21,1,1,2,6,0,0,1
1058,21,0,5,2,8,0,0,1
1059,22,1,2,2,8,0,0,1
1060,22,0,1,2,6,0,0,1
1061,22,1,2,1,7,0,0,0
1062,21,0,1,1,8,1,1,1
1063,22,1,1,1,7,0,0,0
1064,21,1,4,2,8,1,1,1
1065,21,1,1,1,8,0,0,1
1066,22,0,5,2,7,0,0,0
1067,21,1,6,2,7,0,0,0
1068,22,1,3,1,7,0,0,0
1069,22,0,5,2,6,0,0,1
1070,22,1,1,2,6,0,0,1
1071,22,1,2,1,6,0,0,0
1072,21,1,2,1,8,0,0,1
1073,22,1,1,2,6,0,0,1
1074,21,1,3,1,7,0,0,0
1075,21,1,3,2,7,0,1,0
1076,21,0,2,2,7,1,1,0
1077,21,1,2,2,8,0,0,1
1078,22,1,3,1,7,0,0,0
1079,21,1,6,2,7,0,0,0
1080,21,0,2,2,8,1,0,1
1081,22,1,4,1,6,1,0,0
1082,22,1,4,1,7,1,0,0
1083,22,1,3,1,6,0,0,0
1084,21,1,5,1,6,0,0,0
1085,21,1,4,1,6,1,0,0
1086,22,1,5,1,6,0,0,0
1087,22,1,4,2,8,1,0,1
1088,22,1,3,1,7,0,0,0
1089,22,1,6,1,6,0,0,0
1090,21,1,3,1,7,0,1,0
1091,21,0,2,2,8,1,0,1
1092,22,1,1,2,7,0,0,0
1093,22,1,1,2,7,0,1,0
1094,22,1,4,1,8,1,0,1
1095,22,1,2,1,6,0,0,0
1096,22,1,1,1,7,0,1,0
1097,22,1,1,1,8,0,1,1
1098,21,0,5,1,8,0,1,1
1099,22,0,2,1,7,1,0,0
1100,22,0,3,1,9,1,0,1
1101,21,1,4,2,8,1,0,1
1102,21,1,1,2,7,1,1,1
1103,22,1,6,2,7,1,0,0
1104,21,1,3,2,9,0,0,1
1105,21,1,6,2,7,0,1,0
1106,22,1,3,1,9,0,0,1
1107,22,1,2,1,7,0,1,0
1108,21,0,2,2,7,1,0,1
1109,21,1,3,1,9,0,0,1
1110,21,1,2,1,8,0,0,1
1111,22,1,4,1,9,1,0,1
1112,21,1,2,2,9,0,0,1
1113,21,0,1,2,9,0,0,1
1114,21,1,1,1,8,0,0,1
1115,22,1,2,1,9,0,0,1
1116,21,1,5,1,8,0,1,1
1117,21,1,1,2,8,0,0,1
1118,22,1,3,2,8,0,0,1
1119,21,1,4,2,9,1,0,1
1120,21,1,5,2,7,1,1,1
1121,21,1,4,1,9,1,1,1
1122,22,0,5,2,8,0,0,1
1123,21,1,6,2,9,0,0,1
1124,22,1,4,1,9,1,0,1
1125,21,0,3,2,9,0,0,1
1126,22,0,1,1,8,1,1,1
1127,22,1,1,1,8,0,0,1
1128,22,1,1,2,9,0,0,1
1129,21,1,3,1,8,0,0,1
1130,22,0,6,1,8,0,0,1
1131,21,0,6,1,7,1,0,0
1132,21,0,5,1,9,0,0,1
1133,22,1,2,1,9,0,0,1
1134,22,0,3,2,8,0,0,1
1135,22,1,6,2,9,0,1,1
1136,21,1,4,1,7,1,0,0
1137,22,1,3,2,7,0,0,0
1138,22,1,6,2,8,0,0,1
1139,22,1,2,2,7,0,1,0
1140,21,1,3,1,9,1,0,1
1141,22,1,2,1,8,0,0,1
1142,22,1,6,1,7,0,0,0
1143,21,0,2,2,8,1,0,1
1144,21,1,6,2,7,1,0,1
1145,22,1,1,2,8,0,0,1
1146,22,1,4,1,7,1,0,0
1147,21,1,5,1,7,1,0,1
1148,22,1,5,2,8,0,0,1
1149,22,1,5,1,8,0,1,1
1150,21,0,2,1,8,1,0,1
1151,21,1,4,1,7,1,0,0
1152,21,1,3,1,9,1,0,1
1153,22,1,5,0,9,0,0,1
1154,21,0,3,0,9,0,0,1
1155,21,1,1,0,8,0,0,1
1156,21,0,2,1,9,1,0,1
1157,22,1,3,1,7,0,0,0
1158,21,1,4,1,8,1,1,1
1159,21,1,4,0,9,1,1,1
1160,22,1,3,0,7,0,0,0
1161,21,1,3,0,8,0,0,1
1162,22,1,6,0,8,0,0,1
1163,21,1,4,0,8,1,0,1
1164,22,0,2,0,9,1,1,1
1165,22,0,3,1,8,1,0,1
1166,21,1,4,0,7,1,0,0
1167,21,1,5,0,7,0,0,0
1168,22,1,4,0,9,1,0,1
1169,22,1,3,1,7,0,0,0
1170,22,1,4,2,9,1,0,1
1171,21,1,5,0,8,1,0,1
1172,21,1,3,1,8,0,0,1
1173,22,1,3,1,9,0,0,1
1174,22,0,2,0,9,1,0,1
1175,21,1,6,1,9,0,0,1
1176,22,0,3,2,8,0,0,1
1177,21,1,3,1,9,0,0,1
1178,22,1,6,0,9,0,1,1
1179,21,1,5,0,8,0,0,1
1180,22,1,2,1,9,0,0,1
1181,22,1,5,0,8,0,0,1
1182,21,1,1,1,8,0,0,1
1183,21,1,5,0,8,0,0,1
1184,21,1,6,0,9,0,1,1
1185,21,1,2,1,9,0,0,1
1186,21,1,6,0,9,0,0,1
1187,21,0,3,1,8,0,0,1
1188,21,1,6,1,7,0,0,0
1189,21,1,2,1,9,0,0,1
1190,22,1,1,0,9,0,0,1
1191,22,1,1,1,7,1,1,0
1192,21,0,5,1,8,0,0,1
1193,21,1,3,1,8,1,0,1
1194,22,1,3,1,8,0,0,1
1195,22,0,5,1,7,0,1,0
1196,21,1,2,1,7,0,0,0
1197,22,1,2,1,9,0,0,1
1198,21,1,2,2,9,0,0,1
1199,22,0,2,0,9,1,1,1
1200,21,1,3,0,7,0,0,1
1201,22,1,4,0,8,1,0,1
1202,22,1,2,2,8,0,0,1
1203,21,1,1,0,8,0,0,1
1204,21,1,4,1,9,1,0,1
1205,22,0,3,1,9,0,0,1
1206,21,1,4,0,9,1,0,1
1207,21,1,6,0,9,0,0,1
1208,21,1,6,0,7,0,0,0
1209,21,1,3,0,9,0,0,1
1210,21,1,3,0,9,0,0,1
1211,21,1,4,1,7,1,0,0
1212,21,1,1,1,8,1,1,1
1213,21,1,4,1,9,1,0,1
1214,22,1,2,1,8,1,0,1
1215,22,1,2,1,8,0,1,1
1216,22,1,3,1,9,0,0,1
1217,22,1,1,0,7,0,0,0
1218,21,0,1,1,7,0,0,1
1219,21,1,1,1,8,1,1,1
1220,22,1,4,0,9,1,0,1
1221,22,1,2,1,9,0,0,1
1222,22,1,4,0,7,1,0,0
1223,21,1,3,0,7,0,0,1
1224,22,1,4,1,9,1,0,1
1225,22,1,5,0,9,0,0,1
1226,21,1,2,2,9,0,1,1
1227,22,1,2,3,9,0,0,1
1228,22,1,4,0,9,1,1,1
1229,21,1,3,2,9,0,0,1
1230,21,1,4,1,7,1,0,0
1231,21,1,5,1,7,0,0,1
1232,22,1,3,0,9,0,0,1
1233,22,0,4,1,7,1,0,0
1234,22,1,6,0,7,0,0,0
1235,21,0,1,1,8,0,0,1
1236,22,0,3,0,9,0,0,1
1237,22,1,4,0,9,1,0,1
1238,22,1,4,0,8,1,0,1
1239,21,1,2,0,9,0,0,1
1240,21,1,3,1,7,1,0,0
1241,21,1,5,2,8,0,1,1
1242,21,1,2,1,9,0,0,1
1243,22,1,5,1,9,0,0,1
1244,22,1,3,0,7,0,0,1
1245,22,0,3,1,9,1,0,1
1246,21,1,4,1,8,1,0,1
1247,22,0,2,0,8,1,0,1
1248,21,1,6,0,7,0,0,0
1249,21,1,2,0,7,0,1,0
1250,22,1,3,0,7,0,1,0
1251,21,1,2,0,9,0,0,1
1252,21,1,4,0,9,1,1,1
1253,22,1,4,2,9,0,0,1
1254,21,1,6,2,8,0,0,1
1255,21,1,5,0,8,0,0,1
1256,21,0,5,1,8,1,1,1
1257,22,1,1,1,7,0,0,0
1258,22,0,1,1,8,1,1,1
1259,21,1,2,1,8,0,0,1
1260,22,1,2,0,7,0,1,0
1261,22,1,2,0,9,0,0,1
1262,21,1,5,0,8,0,0,1
1263,21,0,5,1,8,0,0,1
1264,21,1,1,1,7,0,0,0
1265,22,0,4,1,7,1,0,0
1266,22,0,2,1,7,1,0,0
1267,21,0,4,1,8,1,0,1
1268,21,1,1,0,8,0,0,1
1269,21,0,1,1,9,0,0,1
1270,21,1,1,0,9,0,0,1
1271,22,1,2,1,8,0,0,1
1272,22,1,3,0,7,0,0,0
1273,21,1,4,0,9,1,0,1
1274,22,1,4,0,8,1,0,1
1275,21,1,3,0,8,0,0,1
1276,22,1,4,0,7,1,0,0
1277,22,1,3,1,8,0,0,1
1278,22,1,3,0,8,0,0,1
1279,21,0,3,0,8,0,0,1
1280,21,1,4,0,7,0,0,0
1281,21,1,1,0,8,0,0,1
1282,22,1,2,0,9,0,0,1
1283,22,1,6,1,7,0,0,0
1284,22,1,4,2,7,1,0,0
1285,21,1,2,1,9,0,0,1
1286,21,1,3,0,9,0,0,1
1287,22,1,6,0,7,0,1,0
1288,21,1,3,1,8,0,0,1
1289,21,1,1,0,8,0,0,1
1290,21,1,5,0,9,0,0,1
1291,21,1,1,0,8,0,0,1
1292,22,1,3,1,9,1,0,1
1293,22,1,4,0,9,1,0,1
1294,22,1,2,0,7,0,0,0
1295,21,1,3,1,8,1,1,1
1296,21,1,3,0,7,0,0,0
1297,21,1,5,0,7,0,0,0
1298,22,1,2,1,8,0,0,1
1299,21,1,1,0,9,0,0,1
1300,25,1,3,0,7,0,0,1
1301,26,1,5,0,7,1,0,0
1302,24,1,3,1,6,0,1,1
1303,25,1,1,0,6,0,0,1
1304,26,0,2,0,7,1,0,0
1305,26,1,2,1,7,0,0,1
1306,26,1,2,1,6,0,0,1
1307,26,1,3,2,7,0,0,1
1308,24,0,2,1,7,0,0,0
1309,26,0,6,1,6,0,1,1
1310,26,1,2,0,6,0,1,1
1311,26,1,2,1,7,0,0,0
1312,26,1,3,1,7,0,0,0
1313,26,1,4,0,7,0,1,0
1314,26,1,5,0,6,0,0,1
1315,25,1,3,1,7,0,0,0
1316,26,1,4,0,6,1,0,1
1317,24,1,1,1,7,0,1,0
1318,26,1,1,0,6,0,0,1
1319,26,1,2,0,6,0,0,1
1320,24,0,2,0,6,1,1,1
1321,24,1,2,0,6,0,1,1
1322,24,1,5,1,7,0,0,1
1323,25,1,4,0,7,1,0,0
1324,25,1,2,0,6,0,0,1
1325,25,1,2,0,7,0,0,0
1326,26,1,4,1,6,0,0,1
1327,26,1,2,1,7,0,0,0
1328,26,1,2,0,6,0,1,1
1329,26,1,1,1,7,1,1,0
1330,25,0,2,0,7,1,0,0
1331,25,1,2,2,6,0,0,1
1332,25,1,4,0,7,1,0,0
1333,26,1,6,0,7,0,0,0
1334,25,0,2,1,7,1,0,1
1335,26,1,3,1,6,0,0,1
1336,26,0,2,0,7,1,0,1
1337,26,0,3,0,7,0,0,1
1338,26,1,2,1,6,0,0,1
1339,26,0,3,0,7,0,0,0
1340,24,1,3,1,7,0,0,0
1341,24,1,6,0,6,0,0,1
1342,25,1,1,1,6,0,0,1
1343,26,1,4,0,7,1,0,0
1344,26,1,4,1,6,1,1,1
1345,25,1,2,1,7,0,0,1
1346,26,1,2,1,7,0,0,1
1347,25,1,2,2,7,0,1,1
1348,25,1,2,2,7,0,1,1
1349,24,1,2,0,6,0,0,1
1350,26,1,5,0,6,0,0,1
1351,24,1,3,0,7,0,0,1
1352,26,1,2,1,7,0,0,1
1353,26,1,4,1,7,1,1,0
1354,24,1,2,1,7,0,0,1
1355,26,0,3,0,6,0,0,1
1356,25,0,2,0,6,1,1,1
1357,25,1,4,1,6,1,0,1
1358,26,1,2,1,6,0,0,1
1359,25,0,1,0,6,0,0,1
1360,22,1,6,1,6,0,0,0
1361,21,0,5,0,6,0,0,0
1362,22,1,2,1,7,0,0,0
1363,21,1,4,0,6,1,0,0
1364,21,0,3,0,7,0,0,0
1365,22,1,2,1,7,0,0,0
1366,21,0,3,1,7,0,1,0
1367,22,1,5,0,6,0,0,0
1368,21,1,3,0,7,0,0,0
1369,22,1,3,0,7,0,0,0
1370,21,1,3,0,7,0,1,0
1371,21,0,3,1,7,0,0,0
1372,22,1,1,1,7,0,0,0
1373,22,1,1,1,6,0,1,0
1374,21,1,5,1,7,0,0,1
1375,22,1,3,1,6,1,0,0
1376,21,1,2,1,6,0,0,0
1377,21,1,3,1,6,1,0,0
1378,21,1,3,0,7,0,1,0
1379,22,1,3,0,6,0,0,0
1380,21,1,1,0,7,0,0,1
1381,22,0,5,1,6,1,1,0
1382,21,1,2,1,7,0,0,0
1383,21,0,3,0,7,0,0,0
1384,21,1,1,1,6,0,1,0
1385,22,0,3,3,7,1,1,0
1386,21,0,2,1,6,1,0,0
1387,21,1,4,0,7,1,0,0
1388,21,1,2,1,8,0,0,1
1389,22,0,3,0,8,0,0,1
1390,22,0,3,1,8,0,0,1
1391,21,1,1,1,7,0,1,0
1392,21,1,3,1,6,0,0,0
1393,21,0,3,1,8,0,0,1
1394,22,1,4,0,8,1,0,1
1395,22,1,4,0,7,1,1,0
1396,22,1,3,2,8,0,0,1
1397,22,0,2,0,6,1,1,0
1398,21,1,3,2,6,0,0,1
1399,22,1,5,0,8,0,1,1
1400,22,1,6,1,7,0,0,0
1401,22,0,6,1,6,0,1,0
1402,22,1,3,3,8,0,0,1
1403,21,1,1,1,7,0,0,0
1404,22,1,4,0,6,1,0,0
1405,22,1,6,0,8,1,1,1
1406,22,1,6,0,7,0,1,0
1407,21,0,2,0,8,1,1,1
1408,22,1,3,1,6,0,0,0
1409,22,1,4,0,6,1,0,0
1410,21,1,2,2,6,0,0,1
1411,22,1,3,0,8,0,1,1
1412,22,1,6,0,6,0,0,0
1413,22,0,4,1,8,1,0,1
1414,21,1,6,2,7,1,1,0
1415,21,1,4,0,7,1,0,0
1416,21,1,3,0,6,0,1,0
1417,21,1,4,0,6,1,1,0
1418,22,1,3,0,7,0,1,0
1419,22,1,1,1,8,0,0,1
1420,21,1,3,2,8,0,0,1
1421,22,1,1,1,7,0,0,0
1422,22,1,2,1,8,0,0,1
1423,22,1,2,1,7,0,0,0
1424,21,1,1,0,8,0,1,1
1425,22,1,4,0,8,1,0,1
1426,21,1,2,0,7,0,1,0
1427,22,1,1,0,7,0,0,0
1428,22,0,1,3,6,0,0,1
1429,21,1,5,0,8,0,0,1
1430,21,0,1,2,7,0,0,1
1431,21,1,5,0,7,0,0,0
1432,21,1,5,0,6,0,0,0
1433,22,1,2,2,7,0,0,0
1434,22,1,3,1,8,1,0,1
1435,21,1,1,0,7,0,0,0
1436,22,1,2,0,6,0,0,0
1437,21,1,6,2,8,0,0,1
1438,21,1,3,1,6,0,0,0
1439,21,0,3,0,6,0,0,0
1440,21,1,3,0,7,0,1,0
1441,22,1,3,1,6,0,0,0
1442,22,0,2,1,6,1,0,0
1443,21,1,5,1,7,0,0,1
1444,28,0,2,3,8,1,0,1
1445,21,1,2,0,7,0,1,0
1446,22,1,3,0,7,0,1,0
1447,21,0,2,0,6,1,0,0
1448,22,0,1,0,8,0,0,1
1449,22,1,2,1,6,0,0,0
1450,21,1,5,0,8,0,0,1
1451,21,1,3,2,8,0,0,1
1452,22,1,2,0,8,0,1,1
1453,22,0,5,1,8,0,0,1
1454,22,0,2,0,6,1,0,0
1455,21,1,2,1,6,0,0,0
1456,22,1,1,0,6,0,0,0
1457,21,1,1,1,6,0,0,0
1458,21,1,2,0,7,0,0,0
1459,22,1,4,0,6,1,0,0
1460,22,1,2,1,8,0,0,1
1461,21,1,6,0,8,1,0,1
1462,22,1,2,1,8,0,0,1
1463,22,1,3,0,7,0,0,0
1464,22,1,4,1,7,1,1,0
1465,21,1,3,1,6,0,0,0
1466,22,1,3,2,8,0,0,1
1467,21,1,3,1,8,0,0,1
1468,21,1,5,0,6,0,0,0
1469,22,1,3,1,7,0,0,0
1470,21,1,3,0,7,0,0,0
1471,21,1,5,0,8,0,0,1
1472,21,1,4,0,7,1,0,0
1473,21,1,1,0,6,0,0,0
1474,22,0,3,0,7,0,0,0
1475,22,1,4,1,8,1,0,1
1476,22,1,2,3,6,0,0,1
1477,21,1,1,1,6,0,0,0
1478,22,1,1,0,7,0,0,0
1479,21,1,2,2,7,0,0,1
1480,22,1,5,0,6,0,0,0
1481,21,1,2,0,6,0,0,0
1482,22,1,1,1,6,0,0,0
1483,22,1,3,1,8,0,0,1
1484,22,0,6,1,8,0,1,1
1485,22,1,2,3,6,0,1,0
1486,21,1,3,0,6,0,0,0
1487,22,1,6,0,8,0,0,1
1488,22,1,1,1,6,0,0,0
1489,22,0,6,1,6,0,0,0
1490,21,1,3,0,8,0,0,1
1491,21,1,2,1,7,0,0,0
1492,22,1,3,1,8,1,0,1
1493,21,1,2,0,7,0,0,0
1494,21,1,5,0,8,0,0,1
1495,21,1,3,0,7,0,0,0
1496,21,1,5,2,8,0,1,1
1497,22,0,2,1,6,1,0,0
1498,21,0,2,1,7,1,0,0
1499,22,1,3,1,8,0,0,1
1500,24,1,2,1,8,0,0,1
1501,24,1,2,1,6,1,1,1
1502,22,1,3,1,6,0,0,1
1503,24,1,2,1,7,0,0,1
1504,24,1,2,1,7,0,0,1
1505,24,1,2,1,7,0,0,1
1506,24,0,3,1,6,0,0,1
1507,24,1,2,0,8,0,0,1
1508,20,0,5,1,7,0,1,0
1509,21,1,2,1,7,0,0,1
1510,23,1,1,0,7,0,0,0
1511,22,0,2,1,8,1,0,1
1512,23,1,2,1,7,0,0,1
1513,23,1,5,2,7,0,0,0
1514,22,0,2,2,7,1,1,1
1515,24,1,2,1,6,0,0,1
1516,22,1,3,2,7,0,0,0
1517,24,1,2,0,6,0,0,1
1518,22,1,3,0,6,0,0,0
1519,23,1,4,0,7,0,0,0
1520,22,1,5,1,7,0,0,0
1521,23,1,1,1,6,0,1,1
1522,23,1,5,0,8,0,1,1
1523,20,1,5,1,8,0,0,1
1524,24,1,4,0,7,1,0,0
1525,24,1,2,2,6,0,0,1
1526,20,1,2,1,6,0,0,0
1527,24,1,4,0,6,1,0,1
1528,22,0,5,1,7,0,0,0
1529,20,1,6,1,6,0,0,0
1530,23,1,1,1,6,0,1,1
1531,23,1,4,0,6,1,0,0
1532,22,1,2,1,6,0,0,0
1533,22,1,4,1,7,1,0,0
1534,23,1,2,0,7,0,0,0
1535,22,1,2,1,8,0,0,1
1536,20,1,2,0,8,0,1,1
1537,20,0,2,1,7,1,0,1
1538,21,1,5,0,7,0,0,1
1539,23,1,2,1,7,0,0,0
1540,21,0,3,1,8,0,0,1
1541,21,1,4,0,6,1,0,0
1542,20,1,6,0,8,0,0,1
1543,23,0,2,0,7,1,1,0
1544,21,1,1,0,8,0,1,1
1545,24,1,1,1,7,0,0,0
1546,21,1,1,1,6,0,0,0
1547,21,1,5,0,8,0,0,1
1548,22,1,2,0,6,0,1,0
1549,20,1,2,2,7,0,0,0
1550,21,1,2,0,7,0,0,1
1551,20,1,3,0,6,0,0,0
1552,23,1,3,0,8,0,0,1
1553,22,1,2,0,7,0,0,0
1554,21,1,3,0,8,0,0,1
1555,21,1,4,0,6,1,0,1
1556,24,1,3,0,8,0,0,1
1557,23,1,1,1,6,0,0,0
1558,22,1,2,0,7,0,0,1
1559,20,1,4,0,6,1,1,0
1560,24,1,4,0,7,1,0,1
1561,21,1,3,0,8,0,1,1
1562,23,1,2,2,7,0,1,1
1563,23,1,4,1,7,1,0,1
1564,23,1,6,0,8,0,0,1
1565,22,1,1,1,7,0,0,0
1566,24,1,4,1,8,1,0,1
1567,21,0,2,0,8,1,1,1
1568,22,1,2,0,6,0,1,0
1569,22,1,1,0,6,0,0,1
1570,23,1,5,0,6,0,0,0
1571,20,1,2,1,7,0,0,1
1572,22,1,2,1,8,0,0,1
1573,20,1,1,0,8,0,0,1
1574,23,1,2,1,7,0,0,0
1575,21,1,3,1,7,0,0,1
1576,24,1,6,0,8,0,0,1
1577,21,1,3,0,8,0,0,1
1578,21,1,5,2,6,1,1,1
1579,20,0,3,0,6,0,0,0
1580,23,1,2,1,6,0,0,0
1581,20,1,6,2,5,0,0,0
1582,21,1,4,1,5,1,0,0
1583,23,0,3,1,6,1,0,0
1584,24,0,1,0,5,0,0,0
1585,22,1,6,1,6,0,0,0
1586,24,1,2,1,5,0,0,0
1587,23,0,2,0,5,1,1,0
1588,23,1,3,0,5,0,1,0
1589,23,1,3,0,5,0,0,0
1590,22,1,6,2,6,0,0,0
1591,24,1,3,0,6,0,0,1
1592,22,1,6,0,6,0,0,1
1593,24,1,2,1,6,0,0,1
1594,20,1,2,1,5,0,0,0
1595,20,1,2,2,5,0,0,0
1596,24,1,4,0,5,0,1,0
1597,24,1,6,0,5,0,0,0
1598,21,1,3,0,5,0,0,0
1599,23,1,5,1,6,0,1,0
1600,21,0,2,0,7,1,0,1
1601,23,0,2,1,7,1,0,1
1602,20,1,6,1,6,1,0,1
1603,24,0,3,1,7,0,0,0
1604,24,0,4,1,7,0,0,1
1605,20,1,6,0,7,1,1,0
1606,23,1,1,0,6,0,1,0
1607,24,1,4,0,8,1,0,1
1608,20,1,4,0,8,1,1,1
1609,23,1,3,0,7,0,1,0
1610,22,0,3,0,8,0,0,1
1611,24,1,1,0,7,0,0,0
1612,23,1,3,0,7,0,0,0
1613,21,1,3,0,7,0,0,1
1614,23,1,2,1,8,0,0,1
1615,21,0,1,1,7,0,0,0
1616,24,1,3,1,7,0,0,1
1617,24,0,1,0,8,0,0,1
1618,22,1,3,2,7,1,0,0
1619,21,0,1,0,7,0,0,0
1620,23,1,1,2,8,0,0,1
1621,22,1,3,0,7,0,0,1
1622,24,1,6,0,8,1,0,1
1623,20,1,4,1,8,0,0,1
1624,22,1,2,1,8,0,0,1
1625,21,1,6,0,8,0,0,1
1626,20,1,3,1,7,0,0,1
1627,21,1,6,0,8,1,0,1
1628,22,1,2,1,8,0,1,1
1629,24,1,2,1,7,0,0,0
1630,21,1,6,0,7,0,0,1
1631,23,1,3,1,8,0,0,1
1632,21,1,5,0,6,0,0,1
1633,20,1,4,1,7,1,1,0
1634,24,1,3,1,8,0,0,1
1635,20,0,2,2,7,1,1,0
1636,23,0,1,0,6,0,0,0
1637,22,1,6,0,6,0,0,0
1638,22,1,2,3,8,0,0,1
1639,23,1,4,1,8,1,0,1
1640,23,1,3,0,7,0,1,1
1641,23,1,5,0,8,0,0,1
1642,20,1,6,0,8,0,0,1
1643,24,1,4,0,6,1,1,1
1644,20,0,1,0,8,0,0,1
1645,22,1,1,1,8,0,0,1
1646,20,1,6,2,6,0,0,1
1647,23,1,5,0,7,0,0,1
1648,21,1,6,0,7,0,0,0
1649,24,1,4,0,6,1,0,1
1650,21,1,4,0,8,1,1,1
1651,22,1,3,1,7,0,0,1
1652,24,1,3,0,6,0,0,1
1653,20,1,5,0,7,0,0,0
1654,24,1,4,1,8,1,1,1
1655,22,1,4,0,8,1,0,1
1656,23,1,3,2,7,0,0,1
1657,21,0,3,0,6,0,0,0
1658,22,1,1,1,8,0,0,1
1659,21,1,2,0,6,0,1,1
1660,23,0,2,1,7,1,0,0
1661,21,1,4,0,7,1,0,0
1662,21,1,1,0,7,0,1,0
1663,20,1,3,1,8,0,0,1
1664,21,1,3,1,8,0,0,1
1665,22,1,2,0,6,0,1,0
1666,24,1,2,1,8,0,0,1
1667,20,1,1,0,7,0,0,0
1668,21,1,3,1,6,1,0,0
1669,21,1,2,0,6,0,1,0
1670,21,1,1,0,8,0,1,1
1671,21,0,2,1,8,1,1,1
1672,21,0,1,0,8,0,0,1
1673,23,0,1,0,8,0,0,1
1674,21,1,6,0,6,1,1,0
1675,24,0,1,0,8,0,0,1
1676,23,0,4,1,6,1,0,0
1677,23,1,5,0,8,0,0,1
1678,23,1,2,1,8,0,0,1
1679,22,1,3,1,8,0,1,1
1680,21,1,4,0,6,1,0,0
1681,24,1,3,0,6,0,0,1
1682,24,1,1,1,6,1,1,1
1683,22,1,1,1,8,1,1,1
1684,20,1,4,0,6,1,0,0
1685,20,1,2,0,8,0,0,1
1686,21,1,5,0,6,0,0,0
1687,22,1,3,0,6,0,0,0
1688,24,0,1,0,6,0,0,1
1689,21,1,3,0,7,0,0,0
1690,24,0,2,1,7,1,0,1
1691,22,1,3,0,6,0,0,0
1692,24,1,3,2,8,0,0,1
1693,22,1,3,1,6,0,0,0
1694,21,1,6,0,7,1,1,0
1695,20,1,4,0,7,1,0,0
1696,22,1,2,0,6,0,0,0
1697,21,1,2,0,6,0,0,0
1698,22,1,1,0,7,0,0,0
1699,23,1,1,0,6,0,0,0
1700,23,0,3,1,5,0,0,0
1701,22,0,2,1,5,1,0,0
1702,20,0,2,0,5,1,1,0
1703,20,1,4,0,5,1,0,0
1704,24,0,2,2,5,1,0,0
1705,24,1,1,0,6,0,0,1
1706,22,1,3,1,6,0,0,0
1707,23,0,1,0,5,0,0,0
1708,22,1,4,1,6,1,0,0
1709,21,0,4,1,5,1,0,0
1710,22,1,4,1,5,0,0,0
1711,24,1,3,1,6,0,1,1
1712,23,1,4,0,5,1,1,0
1713,23,0,6,1,5,0,0,0
1714,22,1,5,0,5,0,0,0
1715,20,1,2,1,5,0,0,0
1716,23,1,2,1,5,0,0,0
1717,23,1,6,0,5,0,0,0
1718,21,0,3,0,6,0,0,0
1719,24,1,6,0,6,0,0,1
1720,23,1,2,0,6,0,0,1
1721,24,1,3,1,6,0,0,1
1722,22,1,3,1,5,0,0,0
1723,22,1,5,1,6,1,1,0
1724,21,1,3,0,5,0,0,0
1725,21,1,1,0,6,0,0,0
1726,20,1,2,0,5,0,0,0
1727,22,1,3,0,6,0,0,0
1728,23,0,4,1,5,1,0,0
1729,22,1,2,2,6,0,0,1
1730,23,1,6,1,6,0,1,0
1731,22,1,5,2,6,1,0,1
1732,21,1,4,0,5,1,1,0
1733,21,1,5,0,6,0,0,0
1734,20,1,4,1,5,1,0,0
1735,24,1,3,0,6,0,0,1
1736,23,1,4,0,5,1,0,0
1737,21,1,6,0,5,0,1,0
1738,21,1,2,1,6,0,1,0
1739,20,1,3,0,6,0,0,0
1740,21,1,2,2,5,0,0,0
1741,23,1,2,3,6,0,0,1
1742,21,1,1,1,5,0,0,0
1743,22,1,5,1,6,0,1,0
1744,20,1,6,0,6,0,1,0
1745,24,1,3,0,6,0,0,1
1746,24,1,1,1,6,0,1,1
1747,22,1,4,0,6,1,0,0
1748,22,1,3,0,6,0,0,0
1749,23,1,6,1,6,0,1,0
1750,22,1,2,0,6,0,0,0
1751,24,1,4,0,6,1,0,1
1752,20,1,4,0,6,1,1,0
1753,24,1,6,1,6,0,0,1
1754,21,1,4,1,5,1,0,0
1755,23,1,2,0,5,0,1,0
1756,23,0,2,1,5,1,0,0
1757,23,1,2,1,6,0,0,0
1758,21,1,2,1,6,0,0,0
1759,22,1,6,0,5,1,0,0
1760,21,1,1,0,6,0,0,0
1761,22,1,5,1,6,1,1,0
1762,22,1,3,0,5,0,0,0
1763,23,1,6,1,6,0,0,0
1764,23,1,6,0,6,0,1,0
1765,21,1,5,0,6,0,1,0
1766,21,1,2,0,6,0,1,0
1767,23,0,2,1,8,1,0,1
1768,20,1,2,3,7,0,1,0
1769,21,1,1,2,7,0,0,1
1770,21,0,2,0,7,1,0,0
1771,23,1,2,1,7,0,0,0
1772,20,1,2,1,6,0,0,0
1773,21,1,3,1,6,0,0,0
1774,20,1,3,0,8,0,0,1
1775,22,0,3,1,6,0,0,0
1776,21,0,3,1,6,0,0,0
1777,24,1,3,0,7,0,0,0
1778,20,1,2,1,8,0,0,1
1779,23,1,5,1,8,0,0,1
1780,22,0,1,1,7,1,0,0
1781,20,1,3,1,6,0,0,0
1782,20,1,6,0,7,0,0,0
1783,24,1,2,2,6,0,0,1
1784,22,1,6,0,8,1,0,1
1785,20,0,3,1,6,0,0,0
1786,21,1,6,0,8,1,0,1
1787,22,1,4,0,8,0,0,1
1788,22,1,3,1,8,1,0,1
1789,22,0,1,0,8,0,0,1
1790,24,1,6,1,7,1,0,0
1791,22,1,3,1,6,0,0,0
1792,23,1,3,0,7,0,0,0
1793,23,1,1,1,6,0,1,0
1794,22,0,3,1,6,0,0,0
1795,23,1,4,1,6,1,0,0
1796,24,1,3,0,6,0,0,1
1797,24,1,3,0,8,0,0,1
1798,22,1,2,0,6,0,1,0
1799,24,1,2,1,6,0,0,1
1800,21,0,2,0,7,1,0,0
1801,24,1,2,0,7,0,0,1
1802,21,1,4,0,8,0,0,1
1803,24,1,6,0,6,1,0,1
1804,24,1,3,1,6,0,0,1
1805,21,1,5,1,6,0,0,0
1806,24,1,1,1,8,0,1,1
1807,20,1,2,0,6,0,0,0
1808,20,0,4,1,6,1,0,0
1809,24,1,2,0,6,0,0,1
1810,21,1,2,2,8,0,0,1
1811,22,1,2,1,8,0,0,1
1812,23,1,1,0,7,0,0,0
1813,21,0,3,0,8,0,0,1
1814,23,1,2,1,6,0,0,0
1815,23,1,6,0,8,0,0,1
1816,22,1,1,0,7,0,0,0
1817,24,1,1,1,7,1,1,0
1818,22,1,3,0,6,0,0,0
1819,24,1,6,0,7,1,1,0
1820,21,1,4,0,8,1,1,1
1821,22,0,1,1,6,1,1,0
1822,22,1,6,0,7,0,0,0
1823,22,1,3,1,6,1,0,0
1824,24,0,1,1,7,1,1,1
1825,24,1,2,0,6,0,1,1
1826,23,0,4,1,7,1,0,0
1827,22,1,1,1,8,0,0,1
1828,20,0,4,1,8,1,0,1
1829,21,1,6,0,7,0,0,0
1830,20,1,4,1,7,1,0,0
1831,22,1,2,0,7,0,0,0
1832,21,1,2,2,6,0,0,1
1833,23,1,2,1,8,0,0,1
1834,20,1,1,1,8,1,1,1
1835,22,0,2,1,6,1,0,0
1836,20,1,4,0,8,1,0,1
1837,21,1,1,0,7,0,0,0
1838,22,1,1,0,8,0,0,1
1839,21,1,4,0,7,1,0,0
1840,23,1,1,0,6,0,0,0
1841,21,1,5,0,7,0,0,0
1842,21,1,3,1,6,1,0,0
1843,20,1,4,0,6,1,1,0
1844,21,1,2,1,6,0,0,0
1845,24,1,4,0,8,1,1,1
1846,21,1,5,0,6,0,0,0
1847,22,1,6,0,7,0,0,0
1848,24,0,3,1,7,0,0,0
1849,22,1,2,1,6,0,0,0
1850,21,1,3,2,8,0,0,1
1851,23,1,2,2,8,0,0,1
1852,24,1,3,2,8,0,0,1
1853,22,1,4,0,8,1,0,1
1854,21,1,2,1,8,0,0,1
1855,21,0,2,0,7,1,1,0
1856,23,1,2,0,6,0,0,0
1857,20,1,3,0,7,0,1,0
1858,23,1,2,0,6,0,0,0
1859,23,1,5,1,7,0,0,1
1860,21,0,3,1,6,0,0,0
1861,21,1,3,2,7,0,0,1
1862,22,1,4,1,7,1,1,0
1863,24,1,4,1,7,1,0,0
1864,21,1,3,1,7,1,0,0
1865,21,1,6,0,7,1,0,0
1866,21,0,1,1,7,1,0,0
1867,20,1,2,0,7,0,0,0
1868,24,1,2,1,7,0,0,0
1869,20,1,3,0,6,0,0,0
1870,20,0,5,1,7,0,1,1
1871,20,1,3,0,7,0,0,0
1872,24,1,5,1,7,0,0,1
1873,22,1,1,1,8,0,1,1
1874,23,0,3,0,7,0,0,0
1875,20,1,1,2,7,0,0,1
1876,22,1,2,0,6,0,0,0
1877,21,1,1,0,8,0,0,1
1878,21,1,2,0,6,0,0,0
1879,22,1,3,0,8,0,1,1
1880,22,1,2,0,6,0,0,0
1881,22,1,4,0,6,1,0,0
1882,22,1,3,2,6,0,0,1
1883,21,1,3,1,7,0,0,0
1884,22,0,5,0,8,0,0,1
1885,23,0,5,0,6,0,0,0
1886,24,1,1,0,6,0,0,1
1887,24,1,6,1,6,0,0,1
1888,21,0,5,1,8,0,1,1
1889,22,0,4,1,6,1,0,0
1890,20,1,3,2,8,0,0,1
1891,23,1,3,0,8,0,0,1
1892,21,0,2,1,6,1,0,0
1893,21,1,2,0,6,0,0,0
1894,21,1,3,1,8,0,0,1
1895,23,1,4,1,8,1,0,1
1896,22,1,1,0,7,0,0,0
1897,23,1,3,0,7,0,0,0
1898,23,1,3,2,6,0,0,1
1899,20,1,4,0,8,1,0,1
1900,20,1,3,0,8,0,0,1
1901,22,1,2,2,8,0,1,1
1902,22,1,3,1,7,0,0,1
1903,21,1,3,0,7,0,0,1
1904,20,1,2,1,8,0,0,1
1905,20,1,5,2,7,1,0,1
1906,21,1,3,0,7,0,0,0
1907,19,0,3,1,8,0,1,1
1908,19,1,5,1,8,0,0,1
1909,21,1,2,1,7,0,0,1
1910,19,1,2,0,7,0,0,1
1911,20,0,2,0,8,1,0,1
1912,19,1,5,0,8,0,0,1
1913,21,0,6,1,8,0,1,1
1914,21,0,2,1,8,1,0,1
1915,22,1,3,0,7,0,0,0
1916,20,1,1,0,8,0,0,1
1917,22,1,1,1,7,0,0,0
1918,21,1,2,0,8,0,0,1
1919,22,1,2,0,7,0,0,0
1920,21,1,2,1,8,0,0,1
1921,20,1,3,1,8,0,0,1
1922,22,0,4,1,8,1,0,1
1923,22,0,2,0,8,1,0,1
1924,21,1,5,0,8,0,0,1
1925,22,1,4,0,8,1,0,1
1926,22,0,2,1,7,1,0,1
1927,19,1,2,1,7,0,1,1
1928,22,1,2,0,8,0,1,1
1929,22,1,2,3,7,0,0,0
1930,21,1,3,0,7,0,0,0
1931,22,1,3,0,7,0,0,0
1932,21,1,6,1,7,0,0,0
1933,20,0,3,1,8,1,0,1
1934,19,1,3,0,8,0,0,1
1935,21,1,1,1,8,0,1,1
1936,21,1,3,2,7,0,1,0
1937,19,1,2,1,8,0,0,1
1938,22,0,2,1,8,1,1,1
1939,21,1,2,1,8,0,0,1
1940,19,1,5,1,8,0,1,1
1941,19,0,1,1,7,0,0,1
1942,21,1,5,0,8,0,0,1
1943,20,1,2,0,7,0,1,0
1944,20,1,2,1,7,0,0,0
1945,22,1,4,3,7,1,1,0
1946,22,1,1,0,7,0,0,0
1947,20,0,3,1,7,1,0,1
1948,20,1,3,0,7,0,1,1
1949,22,0,2,3,8,1,0,1
1950,22,1,1,2,8,0,0,1
1951,19,0,6,1,8,0,0,1
1952,22,1,1,1,8,1,1,1
1953,22,1,3,0,8,0,1,1
1954,20,1,4,1,8,1,0,1
1955,20,1,3,1,8,1,1,1
1956,20,1,4,1,7,1,1,0
1957,22,0,2,1,7,1,0,0
1958,20,1,2,1,8,0,0,1
1959,19,1,6,1,7,0,0,0
1960,21,1,6,0,7,0,0,0
1961,19,1,2,2,7,0,0,1
1962,22,1,5,0,7,0,0,0
1963,19,1,1,0,8,0,0,1
1964,19,1,6,0,7,1,0,0
1965,21,1,3,0,8,0,0,1
1966,19,1,6,0,8,0,1,1
1967,22,1,2,1,8,0,0,1
1968,20,1,2,1,7,0,0,0
1969,22,1,2,0,7,0,0,0
1970,21,1,3,1,8,1,0,1
1971,20,1,3,1,8,1,0,1
1972,19,1,4,1,8,1,0,1
1973,20,1,6,1,8,0,0,1
1974,21,1,2,0,7,0,0,0
1975,22,1,3,0,8,0,0,1
1976,20,0,2,1,8,1,0,1
1977,19,1,3,1,7,0,0,0
1978,21,1,2,1,8,0,0,1
1979,20,1,1,0,8,0,0,1
1980,21,1,2,1,8,0,0,1
1981,20,1,4,0,8,1,1,1
1982,21,1,5,0,7,0,0,0
1983,20,1,2,2,8,0,0,1
1984,21,1,2,1,7,0,1,0
1985,22,1,2,0,8,0,0,1
1986,19,1,1,0,8,0,0,1
1987,19,1,6,0,7,0,0,0
1988,21,1,3,0,7,0,0,0
1989,21,1,4,1,8,1,0,1
1990,19,1,2,0,8,0,0,1
1991,22,1,2,2,7,0,0,0
1992,20,1,2,1,7,0,0,0
1993,22,1,3,1,7,1,0,0
1994,21,1,4,0,8,1,0,1
1995,19,1,1,0,8,0,0,1
1996,20,1,3,1,7,0,0,0
1997,22,1,3,1,8,0,0,1
1998,20,1,2,0,8,0,0,1
1999,19,1,2,1,7,0,0,0
2000,21,1,1,0,7,0,0,1
2001,19,1,1,0,8,0,0,1
2002,21,1,5,1,8,0,0,1
2003,19,1,2,0,8,0,0,1
2004,19,1,2,1,8,0,0,1
2005,22,1,2,0,7,0,0,0
2006,21,0,1,0,8,0,0,1
2007,19,1,2,2,8,0,0,1
2008,19,1,1,0,7,0,0,1
2009,19,1,5,0,6,0,0,0
2010,20,1,4,0,8,1,0,1
2011,21,1,5,1,7,1,1,1
2012,20,1,2,0,8,0,1,1
2013,22,1,2,0,6,0,0,0
2014,19,1,2,0,7,0,0,0
2015,20,1,5,0,8,0,1,1
2016,22,0,5,0,6,0,0,0
2017,22,1,3,1,6,0,0,0
2018,21,1,1,0,6,0,1,0
2019,20,1,2,0,7,0,1,0
2020,20,1,3,1,7,0,0,0
2021,21,1,3,0,8,0,0,1
2022,21,1,2,1,8,0,0,1
2023,19,1,6,1,7,0,1,0
2024,19,1,2,0,8,0,0,1
2025,19,1,5,1,6,0,0,0
2026,22,1,1,0,7,0,0,0
2027,22,1,1,0,6,0,0,0
2028,22,1,1,1,8,0,1,1
2029,22,1,2,1,7,0,0,0
2030,19,1,4,2,8,1,0,1
2031,20,1,2,0,6,0,1,0
2032,22,0,4,1,6,1,0,0
2033,21,1,3,0,6,0,1,0
2034,22,1,1,3,6,0,0,1
2035,20,1,2,0,7,0,0,0
2036,20,1,3,0,6,0,0,0
2037,20,1,3,1,8,0,0,1
2038,21,1,6,0,7,0,0,0
2039,20,1,2,2,7,0,0,1
2040,20,1,5,1,6,0,0,0
2041,19,1,5,2,6,0,1,0
2042,19,1,6,2,6,1,0,1
2043,22,1,2,1,8,0,0,1
2044,22,0,5,0,7,1,1,0
2045,19,1,2,0,6,0,0,0
2046,22,1,4,2,7,1,0,0
2047,20,1,2,1,6,0,0,0
2048,21,1,5,1,7,0,0,1
2049,20,1,4,0,8,1,0,1
2050,22,1,2,1,7,0,0,0
2051,19,1,3,1,8,0,0,1
2052,22,1,3,0,6,0,0,0
2053,19,1,1,2,8,0,0,1
2054,19,1,4,0,6,1,1,0
2055,21,1,3,0,8,0,0,1
2056,21,1,3,1,6,0,0,0
2057,21,1,1,2,8,1,1,1
2058,19,1,3,1,7,1,0,0
2059,21,1,2,0,8,0,0,1
2060,20,1,5,0,8,0,0,1
2061,20,1,3,0,6,0,0,0
2062,20,1,1,2,6,0,0,1
2063,21,1,5,1,8,0,0,1
2064,22,1,5,0,7,0,0,0
2065,21,1,3,2,7,0,1,0
2066,21,1,3,2,6,0,0,1
2067,20,1,4,0,6,1,0,0
2068,21,1,5,0,7,0,0,0
2069,22,1,3,2,6,0,0,1
2070,21,0,2,0,8,1,0,1
2071,21,1,1,0,8,0,0,1
2072,19,1,2,2,7,0,1,0
2073,20,0,5,0,8,1,1,1
2074,19,1,5,0,8,0,0,1
2075,19,1,3,3,7,0,0,1
2076,21,0,2,0,6,1,1,0
2077,21,1,2,2,6,0,0,1
2078,22,1,2,2,8,0,0,1
2079,20,1,5,1,7,0,0,1
2080,19,1,4,0,6,1,0,0
2081,20,1,5,0,6,1,1,0
2082,19,1,6,0,8,1,0,1
2083,19,1,2,1,6,0,0,0
2084,21,1,2,0,8,0,1,1
2085,22,1,6,1,7,0,0,0
2086,22,1,3,0,6,0,1,0
2087,21,1,6,1,6,0,0,0
2088,21,0,2,2,7,1,0,1
2089,20,1,1,1,7,0,0,1
2090,19,1,1,0,6,0,0,0
2091,20,1,4,0,8,1,1,1
2092,20,0,3,1,8,0,0,1
2093,21,1,2,0,6,0,0,0
2094,20,1,3,1,7,0,0,0
2095,22,1,2,2,7,0,0,0
2096,21,1,1,1,8,1,1,1
2097,19,1,2,1,7,0,0,0
2098,20,1,3,2,7,0,0,1
2099,19,1,3,1,8,0,0,1
2100,21,1,3,1,9,0,1,1
2101,19,1,3,0,6,0,1,0
2102,19,1,2,1,9,0,0,1
2103,19,1,6,0,7,0,0,0
2104,20,0,2,1,6,1,1,1
2105,20,1,3,0,6,0,0,0
2106,19,1,1,0,8,0,0,1
2107,19,1,1,0,7,0,0,0
2108,21,1,2,0,5,0,1,0
2109,21,1,5,0,7,0,0,0
2110,19,1,4,0,9,1,1,1
2111,19,1,1,2,8,1,1,1
2112,19,1,1,0,9,0,0,1
2113,20,1,2,3,6,0,0,1
2114,22,1,3,1,6,0,0,1
2115,22,1,2,1,9,0,0,1
2116,21,1,2,1,7,0,1,1
2117,21,0,3,1,5,0,0,0
2118,22,1,5,0,5,1,0,0
2119,19,1,4,1,5,1,0,0
2120,22,1,4,0,5,1,0,0
2121,21,1,1,0,9,0,0,1
2122,19,1,2,0,8,0,0,1
2123,21,1,5,1,5,0,0,0
2124,20,1,5,0,5,0,0,0
2125,21,0,6,1,8,0,0,1
2126,20,1,2,0,8,0,1,1
2127,22,1,3,2,5,0,0,0
2128,20,1,4,0,6,1,0,0
2129,19,1,2,0,9,0,1,1
2130,22,1,6,1,7,0,0,0
2131,22,1,1,0,5,0,0,0
2132,19,1,3,0,9,0,1,1
2133,19,1,4,0,6,0,0,1
2134,22,1,3,1,9,0,1,1
2135,21,1,1,1,7,0,1,1
2136,19,1,5,0,5,0,0,0
2137,21,1,2,1,8,0,0,1
2138,22,1,2,1,6,0,0,1
2139,19,1,1,1,8,0,1,1
2140,22,1,1,1,9,1,1,1
2141,22,1,2,0,6,0,0,1
2142,22,0,2,0,9,1,0,1
2143,19,1,3,1,6,0,0,1
2144,20,1,4,1,9,1,0,1
2145,21,1,2,0,9,0,0,1
2146,19,1,3,2,8,0,0,1
2147,21,1,5,1,9,0,0,1
2148,20,1,6,0,8,1,0,1
2149,19,1,2,1,7,0,0,1
2150,20,1,3,0,8,0,0,1
2151,20,1,2,0,5,0,0,0
2152,19,0,5,3,9,0,1,1
2153,20,1,3,1,7,0,0,1
2154,22,1,6,0,9,1,0,1
2155,20,1,4,0,7,1,1,1
2156,21,1,3,0,7,0,0,0
2157,20,1,2,1,8,0,0,1
2158,21,1,3,1,8,1,0,1
2159,21,1,6,0,6,0,0,0
2160,19,1,4,0,7,1,0,0
2161,22,1,5,0,8,0,0,1
2162,22,1,2,1,9,0,0,1
2163,20,0,6,1,9,1,0,1
2164,21,1,4,0,6,1,0,1
2165,20,1,2,2,7,0,1,1
2166,21,1,2,0,5,0,0,0
2167,21,0,1,0,7,0,0,0
2168,21,1,3,0,6,0,0,0
2169,22,1,3,1,5,1,0,0
2170,19,1,3,1,9,1,0,1
2171,19,1,4,3,7,1,0,1
2172,21,1,5,0,5,1,0,0
2173,20,0,2,0,9,1,1,1
2174,21,1,2,1,6,0,0,1
2175,22,1,3,1,5,0,0,0
2176,21,1,1,0,7,0,0,0
2177,21,1,3,3,9,1,0,1
2178,22,1,4,0,5,0,0,0
2179,21,1,2,2,7,0,0,0
2180,20,1,3,3,9,1,0,1
2181,22,1,4,0,8,1,0,1
2182,19,1,1,1,6,0,1,1
2183,20,1,4,1,9,1,0,1
2184,20,1,6,2,9,1,0,1
2185,21,1,4,1,8,1,0,1
2186,22,1,1,1,7,1,1,1
2187,22,0,2,1,6,1,0,0
2188,20,1,2,0,6,0,0,0
2189,19,0,3,1,8,0,0,1
2190,19,1,3,1,7,0,0,0
2191,21,1,2,1,6,0,0,0
2192,21,0,5,0,7,1,1,0
2193,20,1,2,1,8,0,0,1
2194,21,1,6,1,6,0,0,0
2195,20,1,1,1,6,0,0,0
2196,19,1,3,2,6,0,0,1
2197,21,1,4,1,6,1,1,0
2198,19,1,5,0,7,0,0,0
2199,19,1,3,0,8,0,0,1
2200,21,1,6,0,7,1,0,0
2201,21,0,3,1,7,0,0,1
2202,19,1,4,0,7,1,0,0
2203,21,1,3,2,7,0,0,1
2204,20,1,5,0,6,0,0,0
2205,19,1,2,1,6,0,0,1
2206,20,0,2,0,7,1,1,1
2207,19,0,2,1,7,1,0,1
2208,19,1,5,0,6,0,1,0
2209,19,1,1,0,7,0,0,1
2210,19,1,5,0,7,0,0,0
2211,20,1,2,0,6,0,1,1
2212,21,0,2,1,8,1,0,1
2213,19,1,4,0,6,1,0,0
2214,19,1,2,2,8,0,0,1
2215,20,1,2,0,7,0,0,0
2216,20,1,5,1,6,0,0,1
2217,22,0,2,3,6,1,0,1
2218,21,1,5,0,7,0,0,0
2219,20,1,2,0,8,0,1,1
2220,19,1,3,2,8,0,0,1
2221,22,1,1,1,6,0,0,0
2222,22,1,3,0,7,0,0,1
2223,20,1,4,0,6,1,1,0
2224,20,1,4,0,7,1,0,0
2225,21,1,2,0,8,0,0,1
2226,22,1,6,0,8,0,0,1
2227,22,1,2,1,8,0,0,1
2228,19,1,6,1,6,0,0,0
2229,22,1,5,0,8,0,0,1
2230,21,1,1,0,6,0,0,0
2231,20,1,5,0,6,0,0,0
2232,20,1,1,1,8,0,0,1
2233,22,1,2,1,6,0,0,1
2234,19,1,2,0,8,0,0,1
2235,19,1,4,0,8,1,1,1
2236,20,1,3,1,6,0,1,0
2237,19,0,3,1,6,0,0,0
2238,21,1,5,0,6,0,0,0
2239,21,0,4,1,6,0,0,0
2240,22,1,4,0,8,0,0,1
2241,21,1,2,1,8,0,0,1
2242,19,0,1,1,8,0,1,1
2243,19,1,1,0,7,0,0,1
2244,21,1,1,0,8,0,0,1
2245,21,1,6,1,6,0,0,0
2246,19,1,4,1,8,1,1,1
2247,20,1,1,1,7,0,0,1
2248,19,1,4,0,7,1,0,0
2249,19,1,6,0,8,1,1,1
2250,19,1,4,0,7,0,0,0
2251,19,1,3,0,6,0,0,0
2252,19,1,5,2,7,0,0,1
2253,20,0,2,0,7,1,0,0
2254,22,0,6,1,6,0,0,0
2255,19,1,6,1,6,0,0,1
2256,20,1,2,1,7,0,0,1
2257,22,1,3,1,6,0,0,1
2258,19,1,2,0,7,0,1,1
2259,19,0,5,0,7,0,0,0
2260,22,1,2,1,7,0,0,0
2261,21,1,6,0,8,0,0,1
2262,20,1,6,1,8,0,0,1
2263,21,1,1,2,8,0,0,1
2264,20,0,2,0,6,1,1,0
2265,21,1,5,1,7,0,0,1
2266,22,1,2,1,7,0,0,0
2267,22,0,3,3,6,1,1,0
2268,20,1,2,2,7,0,0,1
2269,20,1,2,2,6,0,0,1
2270,19,1,4,1,6,1,1,0
2271,22,1,3,1,8,1,0,1
2272,22,1,4,0,8,0,0,1
2273,22,0,1,1,7,1,0,0
2274,20,1,5,0,8,0,1,1
2275,21,1,3,1,8,1,0,1
2276,21,1,2,0,6,0,0,0
2277,21,1,3,0,6,0,0,0
2278,21,1,3,0,8,0,0,1
2279,20,0,6,1,6,0,1,0
2280,19,1,3,0,7,0,0,0
2281,20,0,3,0,6,0,0,0
2282,22,1,4,1,8,1,0,1
2283,22,0,5,0,7,0,0,0
2284,21,1,3,1,7,0,0,0
2285,19,0,5,1,7,0,0,1
2286,19,0,1,0,6,0,0,0
2287,19,1,3,1,7,0,0,0
2288,20,0,2,1,8,1,0,1
2289,20,1,3,1,7,0,0,0
2290,22,0,1,1,7,0,0,0
2291,20,1,6,0,7,0,0,0
2292,20,1,1,1,6,0,0,0
2293,21,0,3,0,6,0,0,0
2294,21,1,3,0,7,0,0,0
2295,20,0,1,0,7,0,0,1
2296,19,1,5,2,7,0,1,1
2297,21,1,3,0,8,0,0,1
2298,21,1,2,1,6,0,0,0
2299,20,1,6,0,8,0,0,1
2300,22,1,6,1,7,0,0,0
2301,20,1,3,0,6,0,0,0
2302,19,1,5,0,6,0,0,0
2303,22,1,6,0,7,0,0,0
2304,21,1,6,0,7,0,0,0
2305,22,1,3,0,7,0,0,0
2306,19,1,5,0,8,0,0,1
2307,21,1,3,1,8,0,0,1
2308,21,1,1,1,7,0,1,1
2309,22,0,2,2,8,1,0,1
2310,22,1,2,0,8,0,0,1
2311,19,1,5,1,7,0,1,1
2312,20,1,2,1,7,0,0,0
2313,20,1,1,1,6,0,0,0
2314,19,1,6,1,8,0,0,1
2315,22,1,2,0,6,0,0,0
2316,20,1,1,0,6,0,0,0
2317,22,1,4,0,6,1,0,0
2318,21,1,3,0,7,0,0,0
2319,21,0,1,0,7,0,0,0
2320,20,1,1,0,8,0,1,1
2321,20,0,1,2,8,0,0,1
2322,22,0,2,1,7,1,0,0
2323,22,0,4,1,6,1,0,0
2324,19,1,1,0,7,0,0,0
2325,22,0,1,0,8,0,0,1
2326,19,1,5,1,6,0,0,0
2327,20,1,2,2,7,0,0,1
2328,19,0,2,1,7,1,0,0
2329,21,1,4,0,8,1,0,1
2330,22,1,2,1,6,0,0,0
2331,19,1,4,1,6,1,0,0
2332,20,1,5,0,6,0,0,0
2333,29,0,4,1,8,1,0,1
2334,20,1,3,1,6,0,0,0
2335,20,1,3,0,6,0,0,0
2336,20,1,3,1,6,0,0,0
2337,20,1,1,0,6,0,0,0
2338,22,1,6,1,8,0,0,1
2339,19,1,2,0,6,0,0,0
2340,20,1,1,1,6,0,0,0
2341,19,1,3,0,7,0,0,0
2342,20,1,5,0,6,0,0,0
2343,19,0,2,0,8,1,0,1
2344,20,1,3,0,8,0,1,1
2345,19,1,3,2,7,0,0,1
2346,22,0,6,1,6,0,0,0
2347,22,1,6,1,6,0,0,0
2348,19,1,5,0,8,0,0,1
2349,21,1,5,0,8,0,0,1
2350,22,0,3,0,6,0,0,0
2351,20,1,1,1,7,0,0,0
2352,21,1,2,2,7,0,0,1
2353,19,1,3,2,8,0,0,1
2354,22,0,3,1,7,0,0,0
2355,21,1,1,0,7,0,0,1
2356,19,1,3,1,8,0,0,1
2357,21,1,2,1,6,0,0,0
2358,21,1,1,1,8,0,1,1
2359,21,1,2,0,7,0,1,0
2360,20,1,6,0,7,1,0,0
2361,21,0,3,0,8,0,0,1
2362,20,1,2,0,6,0,0,0
2363,19,0,5,1,7,0,0,1
2364,22,1,6,0,8,1,0,1
2365,19,1,2,0,7,0,1,0
2366,20,1,2,0,8,0,0,1
2367,20,0,4,1,7,0,0,0
2368,22,0,2,1,8,1,0,1
2369,22,1,3,0,6,0,0,0
2370,19,1,2,1,8,0,0,1
2371,20,0,5,3,6,0,1,0
2372,20,1,6,0,8,1,0,1
2373,19,1,4,1,7,1,0,0
2374,22,1,2,1,6,0,0,0
2375,19,1,4,1,8,1,0,1
2376,21,1,5,1,6,0,0,0
2377,21,1,4,0,8,1,0,1
2378,20,1,2,0,6,0,0,0
2379,20,1,4,1,6,1,0,0
2380,20,1,2,1,8,0,0,1
2381,20,1,4,2,6,1,0,1
2382,20,1,2,0,7,0,1,0
2383,20,1,2,0,6,0,0,0
2384,20,1,2,0,6,0,0,0
2385,21,1,2,1,8,0,0,1
2386,20,1,1,1,6,1,1,0
2387,20,0,6,1,7,0,0,0
2388,19,1,1,1,7,0,0,1
2389,19,0,1,0,8,0,0,1
2390,19,1,1,1,7,0,1,0
2391,21,0,3,0,6,0,0,0
2392,22,1,5,1,7,1,1,0
2393,22,1,4,1,6,1,0,0
2394,21,1,4,0,6,1,1,0
2395,20,1,3,0,7,0,1,0
2396,22,1,4,1,7,1,0,0
2397,22,1,6,0,8,1,0,1
2398,22,0,1,0,6,0,0,0
2399,19,1,4,0,7,1,0,0
2400,22,1,1,1,6,0,0,0
2401,19,1,6,0,6,0,0,0
2402,22,1,3,2,8,0,0,1
2403,20,1,2,1,8,0,0,1
2404,20,1,1,0,6,0,0,0
2405,19,1,6,1,7,0,0,0
2406,22,1,3,0,8,0,1,1
2407,21,1,5,1,8,0,0,1
2408,21,1,6,0,7,0,1,0
2409,22,1,4,0,6,1,1,0
2410,20,1,3,0,8,0,0,1
2411,19,0,4,1,6,1,0,0
2412,22,0,2,2,7,1,0,0
2413,22,1,4,0,6,1,0,0
2414,20,1,6,0,6,0,0,0
2415,20,1,2,1,7,0,0,0
2416,21,1,2,2,6,0,0,1
2417,20,1,2,0,7,0,0,0
2418,19,1,2,1,8,0,0,1
2419,21,1,5,1,6,0,0,0
2420,22,1,4,0,6,1,0,0
2421,21,1,5,0,7,1,0,0
2422,22,1,1,0,8,0,0,1
2423,21,1,5,0,7,0,0,0
2424,22,1,1,1,6,0,0,0
2425,20,1,4,1,8,1,0,1
2426,21,1,2,1,6,0,0,0
2427,20,1,6,1,8,0,0,1
2428,22,1,6,0,6,0,0,0
2429,21,1,2,0,8,0,1,1
2430,21,1,6,0,6,1,0,0
2431,19,1,2,1,6,0,0,0
2432,22,1,6,0,6,1,0,0
2433,19,1,6,1,8,0,0,1
2434,21,1,2,1,6,0,0,0
2435,20,1,2,1,7,0,0,0
2436,19,1,5,0,8,0,1,1
2437,20,1,3,1,8,0,0,1
2438,20,1,2,1,6,0,0,0
2439,22,1,4,0,8,0,0,1
2440,19,1,1,1,8,0,0,1
2441,19,1,6,0,6,0,0,0
2442,19,1,6,0,8,1,1,1
2443,20,1,4,0,8,1,0,1
2444,19,1,1,0,8,0,0,1
2445,22,1,3,0,6,0,0,0
2446,28,1,2,0,6,0,0,1
2447,22,1,2,1,7,0,0,0
2448,22,1,3,0,6,0,0,0
2449,19,1,1,1,6,1,0,0
2450,19,1,2,1,7,0,0,0
2451,21,1,2,0,7,0,0,0
2452,22,1,4,1,6,0,0,0
2453,20,1,1,1,7,0,0,0
2454,19,1,4,0,8,1,0,1
2455,22,1,6,0,7,0,0,0
2456,21,1,5,0,8,0,0,1
2457,20,1,4,0,7,1,1,0
2458,19,1,4,1,8,1,0,1
2459,21,1,3,1,6,0,0,0
2460,19,1,4,1,8,0,1,1
2461,19,1,2,0,7,0,1,0
2462,22,1,6,1,6,1,0,0
2463,19,0,2,1,6,1,0,0
2464,22,1,3,1,8,0,0,1
2465,19,1,5,2,8,0,1,1
2466,21,0,4,1,6,1,1,0
2467,21,1,5,0,7,0,0,0
2468,20,1,5,0,8,0,1,1
2469,20,1,4,1,8,1,0,1
2470,19,1,2,2,6,0,0,1
2471,21,1,3,0,6,0,1,0
2472,22,1,3,1,7,0,0,0
2473,22,1,6,1,8,0,0,1
2474,21,1,2,1,7,0,0,0
2475,21,1,3,0,7,0,0,0
2476,22,0,1,2,7,0,0,0
2477,21,1,5,1,7,0,1,1
2478,22,1,3,0,6,0,1,0
2479,19,1,6,0,6,1,0,0
2480,21,1,1,1,6,1,1,0
2481,19,0,2,1,7,1,0,0
2482,21,1,2,0,6,0,1,0
2483,20,1,3,0,7,0,0,0
2484,20,1,5,0,7,1,0,0
2485,19,1,1,1,8,0,1,1
2486,19,1,2,1,6,0,0,0
2487,21,1,6,0,8,1,0,1
2488,22,1,5,3,7,0,0,0
2489,21,1,1,0,8,0,1,1
2490,22,1,2,2,7,0,0,0
2491,22,1,1,1,6,0,0,0
2492,21,1,3,0,6,0,0,0
2493,21,1,3,0,6,0,0,0
2494,20,1,3,0,6,0,0,0
2495,19,1,2,0,6,0,1,0
2496,21,0,1,0,7,0,0,0
2497,22,1,3,0,7,0,1,0
2498,21,1,2,0,7,0,1,0
2499,22,1,2,2,6,0,0,1
2500,20,1,3,0,7,0,1,0
2501,21,1,4,0,8,1,0,1
2502,21,0,5,1,7,0,0,1
2503,20,1,5,2,7,0,0,1
2504,21,1,6,0,8,1,0,1
2505,21,1,4,0,8,1,0,1
2506,21,1,5,0,7,0,0,0
2507,20,1,3,0,8,0,1,1
2508,21,1,2,0,7,0,0,0
2509,20,0,2,2,6,1,0,1
2510,21,1,2,1,6,0,0,0
2511,21,0,5,0,8,0,0,1
2512,21,1,2,0,7,0,0,0
2513,21,1,6,0,7,0,0,0
2514,20,1,6,2,7,0,0,0
2515,20,0,3,0,6,0,0,0
2516,21,1,1,1,6,1,1,0
2517,20,1,3,0,8,0,0,1
2518,20,1,2,1,8,0,0,1
2519,21,1,6,0,8,0,1,1
2520,20,1,2,2,6,0,0,1
2521,21,0,4,1,8,1,0,1
2522,20,1,6,0,8,0,1,1
2523,20,1,2,1,7,0,0,0
2524,21,1,4,0,6,1,0,0
2525,20,1,4,0,7,1,0,0
2526,20,1,1,1,6,0,1,0
2527,20,0,2,0,6,1,1,0
2528,20,1,4,0,6,1,1,0
2529,20,1,2,1,8,0,0,1
2530,20,1,6,1,6,0,0,0
2531,20,1,2,0,8,0,0,1
2532,20,1,1,1,6,0,0,0
2533,21,0,3,0,7,0,0,0
2534,20,1,5,1,7,0,0,1
2535,21,1,4,3,6,1,0,1
2536,20,1,2,0,7,0,0,0
2537,21,0,1,1,8,0,0,1
2538,21,1,1,1,7,0,1,1
2539,21,1,4,0,7,0,0,0
2540,21,0,1,1,8,0,0,1
2541,20,1,6,1,8,0,0,1
2542,21,1,1,0,7,0,0,1
2543,20,1,6,0,6,1,1,0
2544,21,1,3,2,6,0,0,1
2545,20,1,3,0,7,0,0,0
2546,20,1,1,0,6,0,0,0
2547,20,1,3,0,6,0,0,0
2548,20,1,4,1,6,1,0,0
2549,21,1,1,0,7,0,0,0
2550,20,1,4,3,8,1,0,1
2551,20,1,4,0,7,1,0,0
2552,21,1,6,1,6,0,0,0
2553,20,1,3,1,8,0,0,1
2554,21,1,2,1,6,0,0,0
2555,21,1,2,1,7,1,0,0
2556,21,1,2,1,8,0,0,1
2557,20,1,4,1,8,1,0,1
2558,20,1,3,0,8,0,1,1
2559,20,1,2,0,6,0,1,0
2560,21,1,4,1,8,1,0,1
2561,20,1,6,0,8,0,0,1
2562,20,0,1,0,6,0,0,0
2563,21,1,5,0,8,0,0,1
2564,21,1,4,0,6,1,0,0
2565,21,0,2,1,6,1,0,0
2566,20,1,3,0,6,0,0,0
2567,21,1,6,1,8,0,0,1
2568,20,1,4,1,8,1,0,1
2569,21,0,5,1,8,0,0,1
2570,21,1,6,0,7,0,0,0
2571,21,1,4,0,7,1,0,0
2572,21,1,1,0,7,0,0,1
2573,20,1,2,1,8,0,0,1
2574,21,0,3,1,8,1,0,1
2575,20,0,3,1,8,1,0,1
2576,20,1,4,0,7,1,0,0
2577,20,1,3,2,6,0,0,1
2578,21,1,2,1,7,0,0,0
2579,21,0,4,1,6,1,0,0
2580,21,1,2,2,6,0,0,1
2581,20,1,3,1,7,0,0,0
2582,20,1,6,0,6,1,0,0
2583,21,1,4,0,7,1,1,0
2584,21,1,2,2,7,0,1,0
2585,20,1,3,0,7,0,1,0
2586,20,1,6,0,7,1,0,0
2587,21,1,1,0,7,0,0,1
2588,21,0,3,1,8,1,0,1
2589,21,1,4,0,6,1,0,0
2590,21,0,2,1,8,1,0,1
2591,20,0,3,0,7,0,0,0
2592,21,1,4,1,7,1,0,0
2593,21,1,6,0,8,0,0,1
2594,21,1,3,0,7,0,0,0
2595,20,1,3,1,7,0,1,0
2596,21,1,4,0,6,0,1,0
2597,21,1,5,2,6,0,1,0
2598,21,1,5,0,7,0,0,0
2599,20,1,2,1,7,1,0,0
2600,20,0,2,0,7,1,0,0
2601,20,1,2,1,8,0,0,1
2602,20,1,6,0,7,0,1,0
2603,20,1,6,2,9,0,0,1
2604,21,0,2,1,9,1,0,1
2605,20,1,5,0,9,1,0,1
2606,20,1,6,2,9,0,0,1
2607,20,1,3,0,8,0,0,1
2608,21,1,2,1,8,0,0,1
2609,21,1,3,1,8,0,0,1
2610,20,1,1,0,7,0,0,1
2611,20,1,2,1,9,0,0,1
2612,20,1,5,3,7,0,0,1
2613,21,1,6,1,8,0,0,1
2614,21,1,4,0,7,1,1,0
2615,21,1,1,2,7,1,1,1
2616,21,0,2,1,7,1,0,0
2617,21,1,2,2,8,0,0,1
2618,21,1,2,0,8,0,0,1
2619,21,1,6,0,7,0,0,0
2620,21,1,2,0,8,0,0,1
2621,21,1,3,1,9,1,0,1
2622,21,1,3,0,7,0,0,0
2623,20,0,2,0,7,1,0,0
2624,21,1,3,1,7,0,0,0
2625,21,1,2,1,8,0,0,1
2626,20,1,5,0,9,0,1,1
2627,21,1,5,1,9,0,0,1
2628,20,1,2,1,9,0,0,1
2629,21,1,4,1,9,1,0,1
2630,21,0,2,1,8,1,0,1
2631,21,1,1,1,9,0,1,1
2632,20,0,4,1,8,1,0,1
2633,21,1,2,1,8,0,0,1
2634,20,0,3,0,8,0,0,1
2635,20,1,6,1,9,0,0,1
2636,21,0,1,0,9,0,0,1
2637,21,0,3,0,8,0,0,1
2638,21,1,4,0,7,1,0,0
2639,21,1,5,0,9,0,0,1
2640,20,1,5,1,8,0,0,1
2641,21,0,2,2,9,1,1,1
2642,20,0,3,0,7,0,0,0
2643,21,1,4,1,9,1,1,1
2644,21,1,6,0,9,1,0,1
2645,20,1,1,1,7,0,1,1
2646,20,1,2,1,7,0,0,0
2647,21,1,3,0,7,0,0,0
2648,20,1,4,0,9,1,0,1
2649,21,1,1,0,9,0,1,1
2650,21,1,1,0,8,0,0,1
2651,20,1,6,0,9,1,1,1
2652,20,1,5,1,8,0,1,1
2653,20,1,3,0,8,0,0,1
2654,21,0,1,3,9,0,0,1
2655,20,1,3,1,7,0,0,0
2656,20,1,2,1,7,0,0,0
2657,21,1,5,1,9,0,0,1
2658,20,1,1,3,8,1,1,1
2659,20,0,1,0,8,0,0,1
2660,20,1,5,0,9,0,1,1
2661,21,1,6,3,9,0,0,1
2662,20,1,2,1,8,0,0,1
2663,20,1,4,0,9,1,1,1
2664,20,1,2,1,8,0,0,1
2665,20,1,1,1,9,1,1,1
2666,21,1,3,2,9,0,0,1
2667,20,1,5,1,7,0,1,1
2668,21,1,5,0,9,0,0,1
2669,21,1,4,0,8,1,0,1
2670,20,1,6,0,9,0,0,1
2671,21,0,2,0,7,1,0,0
2672,20,0,5,1,7,0,0,1
2673,20,1,3,1,8,1,0,1
2674,21,0,1,0,7,0,0,1
2675,21,1,5,0,8,0,0,1
2676,21,1,3,0,8,0,0,1
2677,20,1,5,0,9,0,1,1
2678,21,1,1,1,7,0,0,1
2679,20,1,1,2,7,0,0,1
2680,21,1,2,2,8,0,0,1
2681,20,1,6,0,9,0,0,1
2682,20,1,2,1,8,0,0,1
2683,21,1,5,0,9,0,0,1
2684,21,1,1,0,7,0,0,1
2685,20,1,3,0,8,0,0,1
2686,21,0,2,0,8,1,0,1
2687,20,1,1,2,7,0,0,1
2688,21,1,3,1,8,1,0,1
2689,21,1,2,1,7,0,0,0
2690,20,1,6,1,7,1,0,0
2691,21,0,1,2,8,0,0,1
2692,21,1,3,1,8,0,1,1
2693,20,1,2,2,7,0,0,1
2694,20,1,3,0,9,0,0,1
2695,20,1,3,2,8,0,0,1
2696,20,1,1,1,7,0,0,0
2697,20,1,3,1,9,0,0,1
2698,20,1,1,1,7,0,0,1
2699,21,0,2,1,9,1,0,1
2700,20,1,1,0,9,0,0,1
2701,20,1,2,0,8,0,1,1
2702,21,1,5,0,8,0,0,1
2703,20,1,5,1,7,0,0,1
2704,20,1,2,0,9,0,1,1
2705,21,1,4,1,7,1,0,0
2706,20,1,4,0,7,1,1,0
2707,21,1,3,1,8,0,0,1
2708,20,1,5,0,8,1,0,1
2709,21,1,4,1,8,0,0,1
2710,20,1,3,0,7,0,0,0
2711,20,1,3,0,9,0,0,1
2712,20,0,2,3,8,1,0,1
2713,21,1,4,0,9,1,0,1
2714,21,1,4,0,7,1,1,0
2715,20,0,5,1,7,0,1,1
2716,21,1,2,0,8,0,0,1
2717,21,0,3,1,9,0,0,1
2718,21,0,3,0,7,0,0,0
2719,20,1,6,0,9,0,1,1
2720,21,1,1,1,9,0,0,1
2721,20,1,1,1,8,1,1,1
2722,20,1,2,1,7,0,0,0
2723,20,1,1,1,8,0,1,1
2724,21,1,3,0,8,0,0,1
2725,21,1,2,0,7,0,0,0
2726,20,1,4,0,7,1,0,0
2727,21,1,2,2,7,0,1,0
2728,20,1,3,0,9,0,0,1
2729,20,0,2,0,8,1,0,1
2730,20,1,1,0,7,0,0,1
2731,20,1,6,1,9,0,0,1
2732,20,1,3,1,7,0,1,0
2733,21,1,2,1,9,0,0,1
2734,20,1,3,0,7,0,0,0
2735,20,1,3,1,7,1,0,0
2736,20,0,2,2,8,1,0,1
2737,20,1,5,1,7,1,1,1
2738,20,1,1,0,8,0,0,1
2739,20,0,3,2,8,0,0,1
2740,20,1,2,0,8,0,0,1
2741,20,1,4,0,8,1,0,1
2742,20,1,4,0,8,1,0,1
2743,20,1,2,0,6,0,0,0
2744,21,1,2,1,6,0,0,0
2745,20,1,2,1,6,0,0,0
2746,21,1,4,0,6,1,0,0
2747,20,1,2,1,6,0,0,0
2748,20,1,3,0,8,0,1,1
2749,21,1,1,1,6,1,1,0
2750,20,1,1,0,7,0,0,0
2751,21,0,3,2,8,0,0,1
2752,21,1,5,0,6,0,1,0
2753,21,0,2,2,8,0,0,1
2754,20,0,3,1,7,0,1,0
2755,20,1,1,1,7,1,1,0
2756,20,0,1,0,8,0,0,1
2757,20,1,3,1,7,0,0,0
2758,21,1,6,0,8,0,0,1
2759,21,1,5,0,7,0,0,0
2760,20,1,5,1,7,0,1,1
2761,20,1,2,1,7,0,0,0
2762,20,1,5,0,8,0,0,1
2763,21,0,2,1,8,1,0,1
2764,21,1,5,0,8,0,0,1
2765,21,1,4,1,7,0,0,0
2766,21,1,5,0,8,0,0,1
2767,20,0,5,0,8,0,0,1
2768,20,1,3,0,6,0,0,0
2769,20,1,3,0,6,0,0,0
2770,20,1,1,2,8,0,0,1
2771,20,1,4,0,6,1,1,0
2772,21,1,3,0,8,0,0,1
2773,21,1,5,1,8,0,0,1
2774,20,1,2,0,6,0,0,0
2775,20,0,3,1,7,0,0,0
2776,21,1,1,0,8,0,0,1
2777,21,0,1,1,8,0,0,1
2778,20,0,2,0,6,1,0,0
2779,21,1,2,0,7,0,0,0
2780,20,1,2,0,7,0,1,0
2781,20,1,1,0,6,0,0,0
2782,20,0,5,0,6,0,0,0
2783,20,1,2,0,7,0,0,0
2784,20,1,6,1,6,0,0,0
2785,21,0,2,1,8,1,0,1
2786,21,1,5,1,6,0,0,0
2787,20,1,2,1,6,0,0,0
2788,21,1,5,1,8,0,1,1
2789,20,1,1,0,6,0,0,0
2790,20,1,4,1,6,0,1,0
2791,21,0,2,2,6,1,0,1
2792,20,1,1,1,6,0,1,0
2793,20,0,1,0,7,0,0,1
2794,20,1,3,1,8,0,1,1
2795,20,1,4,0,8,1,0,1
2796,20,0,3,0,8,0,0,1
2797,20,1,6,1,8,0,0,1
2798,20,1,5,0,8,0,0,1
2799,20,1,6,1,8,0,0,1
2800,23,1,1,0,8,0,0,1
2801,22,1,4,0,7,1,0,0
2802,22,1,1,0,6,0,1,0
2803,22,0,3,1,6,1,0,0
2804,21,1,2,1,7,0,0,0
2805,21,1,2,1,8,0,0,1
2806,23,1,2,0,6,0,0,0
2807,23,1,4,1,6,1,0,0
2808,23,1,2,1,8,0,0,1
2809,21,1,2,1,7,0,0,0
2810,23,1,4,0,7,1,0,0
2811,21,1,2,2,6,0,0,1
2812,23,1,5,0,7,0,1,0
2813,23,1,2,1,7,0,0,0
2814,23,1,5,0,6,1,0,0
2815,21,1,3,1,8,1,1,1
2816,23,1,6,0,7,0,0,0
2817,23,1,3,1,6,0,1,0
2818,21,1,2,1,7,0,0,0
2819,22,1,4,0,6,1,0,0
2820,21,1,2,1,7,0,0,0
2821,21,1,4,0,7,1,1,0
2822,21,1,6,1,8,0,0,1
2823,22,1,6,1,7,0,1,0
2824,21,1,6,0,6,0,0,0
2825,22,0,3,0,7,0,1,0
2826,21,1,4,1,8,1,0,1
2827,23,1,4,0,6,1,0,0
2828,23,1,1,1,6,1,1,0
2829,22,1,1,2,8,0,0,1
2830,22,1,1,3,8,0,1,1
2831,23,1,1,1,7,0,0,1
2832,22,1,3,1,8,0,0,1
2833,23,0,2,1,6,1,0,0
2834,21,1,3,0,6,0,1,0
2835,23,1,1,0,6,0,1,0
2836,23,1,3,1,6,0,0,0
2837,23,1,3,0,7,0,1,0
2838,23,1,1,1,7,0,1,1
2839,23,1,4,0,6,1,0,0
2840,21,1,3,0,6,0,1,0
2841,21,1,2,1,7,0,0,0
2842,22,1,3,0,7,0,0,0
2843,23,1,3,0,8,0,0,1
2844,22,1,4,1,6,1,1,0
2845,21,1,4,0,7,1,0,0
2846,22,1,4,0,7,1,0,0
2847,21,1,4,0,8,1,0,1
2848,21,1,2,1,7,0,0,0
2849,23,1,1,1,8,1,1,1
2850,21,1,3,0,7,0,1,0
2851,22,1,4,0,7,1,0,0
2852,22,1,4,1,8,1,1,1
2853,21,1,5,0,7,0,0,0
2854,23,0,4,1,7,0,0,0
2855,21,0,3,0,7,0,0,0
2856,21,1,5,0,7,1,0,0
2857,23,1,6,1,8,0,0,1
2858,23,1,2,1,8,0,0,1
2859,22,1,3,1,6,0,1,0
2860,22,1,2,1,7,0,0,0
2861,21,0,3,1,8,1,0,1
2862,23,1,3,3,8,1,0,1
2863,22,1,2,0,8,0,0,1
2864,22,1,4,0,6,1,0,0
2865,22,1,3,0,6,0,0,0
2866,22,1,6,0,8,1,0,1
2867,22,1,3,1,8,0,0,1
2868,23,1,1,0,6,0,0,0
2869,23,1,6,2,8,0,0,1
2870,21,1,1,0,8,0,0,1
2871,23,1,3,1,7,0,0,0
2872,22,1,1,2,6,0,0,1
2873,23,0,1,0,7,0,0,1
2874,21,1,5,0,7,0,0,0
2875,21,1,1,0,8,0,0,1
2876,23,1,4,0,8,1,1,1
2877,23,0,2,1,8,1,0,1
2878,21,1,3,1,7,0,0,0
2879,22,1,3,2,6,0,0,1
2880,23,1,1,2,8,0,0,1
2881,23,1,2,0,6,0,0,1
2882,23,1,2,2,6,0,0,1
2883,21,1,2,1,7,0,0,0
2884,21,1,2,1,8,0,0,1
2885,21,1,1,2,7,0,0,1
2886,21,1,1,0,8,0,1,1
2887,21,0,3,0,6,0,0,0
2888,23,1,3,0,7,0,0,0
2889,22,1,2,1,8,0,0,1
2890,21,1,3,0,8,0,0,1
2891,21,1,4,0,7,1,0,0
2892,23,1,3,0,6,0,1,0
2893,23,1,6,0,8,1,1,1
2894,22,1,4,1,8,1,0,1
2895,23,1,3,1,6,0,0,0
2896,23,1,3,1,7,0,0,0
2897,22,1,4,0,8,1,0,1
2898,21,1,6,0,6,0,0,0
2899,21,1,2,1,6,0,0,0
2900,22,1,2,0,7,0,1,0
2901,21,1,1,0,7,0,0,1
2902,23,0,2,0,7,1,1,0
2903,23,1,1,0,8,0,0,1
2904,22,1,5,2,8,0,1,1
2905,23,1,3,1,8,1,0,1
2906,21,1,1,0,8,0,0,1
2907,22,1,1,2,7,0,0,0
2908,21,1,1,0,7,0,0,1
2909,23,1,3,1,8,0,0,1
2910,21,1,3,1,7,1,0,0
2911,23,1,3,1,6,1,0,0
2912,21,1,4,3,6,1,0,1
2913,23,1,3,1,8,0,0,1
2914,22,1,5,0,6,0,0,0
2915,23,1,4,0,7,1,0,0
2916,21,1,3,0,8,0,0,1
2917,21,1,5,0,8,0,0,1
2918,21,0,2,1,8,1,0,1
2919,21,1,6,0,8,0,0,1
2920,22,1,1,0,8,0,0,1
2921,23,1,3,0,6,0,0,0
2922,23,1,2,0,8,0,0,1
2923,22,1,5,1,6,0,1,0
2924,21,1,4,1,7,1,0,0
2925,23,1,2,0,7,0,0,0
2926,21,1,3,0,8,0,0,1
2927,22,0,2,1,8,1,0,1
2928,22,0,2,0,6,1,0,0
2929,23,0,2,0,6,1,0,0
2930,21,1,2,2,8,0,0,1
2931,21,1,4,0,6,1,0,0
2932,21,1,2,1,7,0,0,0
2933,23,1,2,1,8,0,0,1
2934,23,1,5,1,8,0,0,1
2935,21,1,1,0,8,0,0,1
2936,23,1,3,0,6,0,0,0
2937,23,1,4,0,6,0,0,0
2938,21,1,2,0,7,0,1,0
2939,21,1,4,0,8,1,0,1
2940,22,1,1,0,7,0,0,0
2941,21,1,5,0,7,0,0,0
2942,23,1,4,0,6,1,0,0
2943,23,1,1,0,8,0,0,1
2944,23,1,3,1,7,0,1,0
2945,21,1,2,1,7,0,0,0
2946,23,1,3,1,7,1,1,0
2947,22,1,2,2,8,0,1,1
2948,21,1,5,0,7,0,0,0
2949,22,1,6,0,8,0,0,1
2950,23,0,2,1,8,1,0,1
2951,21,1,2,3,8,0,0,1
2952,23,1,4,0,8,1,0,1
2953,22,1,1,0,7,0,0,0
2954,23,0,2,1,8,0,1,1
2955,22,1,3,0,7,0,0,0
2956,22,1,2,0,8,0,0,1
2957,22,1,5,1,6,0,1,0
2958,23,1,2,0,6,0,1,0
2959,23,1,3,0,7,0,0,0
2960,23,1,4,1,7,1,0,0
2961,23,1,3,0,7,0,0,0
2962,23,1,4,1,7,1,0,0
2963,22,1,3,1,7,0,0,0
2964,22,1,2,1,7,0,0,0
2965,23,1,6,0,8,0,0,1
